"../../../Engine/Plugins/Animation/ACLPlugin/Content/ACLAnimBoneCompressionSettings.uasset" 0
"../../../Engine/Plugins/Animation/ACLPlugin/Content/ACLAnimBoneCompressionSettings.uexp" 1
"../../../Engine/Plugins/2D/Paper2D/Content/PlaceholderTextures/DummySpriteTexture.ubulk" 2
"../../../Engine/Plugins/2D/Paper2D/Content/PlaceholderTextures/DummySpriteTexture.uasset" 3
"../../../Engine/Plugins/2D/Paper2D/Content/PlaceholderTextures/DummySpriteTexture.uexp" 4
"../../../Engine/Plugins/2D/Paper2D/Content/DummySprite.uasset" 5
"../../../Engine/Plugins/2D/Paper2D/Content/DummySprite.uexp" 6
"../../../Engine/Plugins/2D/Paper2D/Content/DefaultPaperTerrainMaterial.uasset" 7
"../../../Engine/Plugins/2D/Paper2D/Content/DefaultPaperTerrainMaterial.uexp" 8
"../../../Engine/Content/EngineMaterials/DefaultPhysicalMaterial.uasset" 9
"../../../Engine/Content/EngineMaterials/DefaultPhysicalMaterial.uexp" 10
"../../../Engine/Content/EngineMaterials/DefaultDestructiblePhysicalMaterial.uasset" 11
"../../../Engine/Content/EngineMaterials/DefaultDestructiblePhysicalMaterial.uexp" 12
"../../../Engine/Content/EngineFonts/Faces/DroidSansFallback.uexp" 13
"../../../Engine/Content/EngineFonts/Faces/DroidSansFallback.uasset" 14
"../../../Engine/Content/EngineFonts/Faces/DroidSansFallback.ufont" 15
"../../../Engine/Content/EngineFonts/Faces/RobotoBold.uexp" 16
"../../../Engine/Content/EngineFonts/Faces/RobotoBold.uasset" 17
"../../../Engine/Content/EngineFonts/Faces/RobotoBold.ufont" 18
"../../../Engine/Content/EngineFonts/Faces/RobotoBoldItalic.uexp" 19
"../../../Engine/Content/EngineFonts/Faces/RobotoBoldItalic.uasset" 20
"../../../Engine/Content/EngineFonts/Faces/RobotoBoldItalic.ufont" 21
"../../../Engine/Content/EngineFonts/Faces/RobotoItalic.uexp" 22
"../../../Engine/Content/EngineFonts/Faces/RobotoItalic.uasset" 23
"../../../Engine/Content/EngineFonts/Faces/RobotoItalic.ufont" 24
"../../../Engine/Content/EngineFonts/Faces/RobotoLight.uexp" 25
"../../../Engine/Content/EngineFonts/Faces/RobotoLight.uasset" 26
"../../../Engine/Content/EngineFonts/Faces/RobotoLight.ufont" 27
"../../../Engine/Content/EngineFonts/Faces/RobotoRegular.uexp" 28
"../../../Engine/Content/EngineFonts/Faces/RobotoRegular.uasset" 29
"../../../Engine/Content/EngineFonts/Faces/RobotoRegular.ufont" 30
"../../../Engine/Content/EngineFonts/Roboto.uasset" 31
"../../../Engine/Content/EngineFonts/Roboto.uexp" 32
"../../../Engine/Content/EngineFonts/Faces/DroidSansMono.uexp" 33
"../../../Engine/Content/EngineFonts/Faces/DroidSansMono.uasset" 34
"../../../Engine/Content/EngineFonts/Faces/DroidSansMono.ufont" 35
"../../../Engine/Content/EngineFonts/DroidSansMono.uasset" 36
"../../../Engine/Content/EngineFonts/DroidSansMono.uexp" 37
"../../../Engine/Plugins/Interchange/Runtime/Content/Pipelines/DefaultTexturePipeline.uasset" 38
"../../../Engine/Plugins/Interchange/Runtime/Content/Pipelines/DefaultTexturePipeline.uexp" 39
"../../../Engine/Plugins/Interchange/Runtime/Content/Pipelines/DefaultSceneLevelPipeline.uasset" 40
"../../../Engine/Plugins/Interchange/Runtime/Content/Pipelines/DefaultSceneLevelPipeline.uexp" 41
"../../../Engine/Plugins/Interchange/Runtime/Content/Pipelines/DefaultSceneAssetsPipeline.uasset" 42
"../../../Engine/Plugins/Interchange/Runtime/Content/Pipelines/DefaultSceneAssetsPipeline.uexp" 43
"../../../Engine/Plugins/Interchange/Runtime/Content/Pipelines/DefaultMaterialXPipeline.uasset" 44
"../../../Engine/Plugins/Interchange/Runtime/Content/Pipelines/DefaultMaterialXPipeline.uexp" 45
"../../../Engine/Plugins/Interchange/Runtime/Content/Pipelines/DefaultMaterialPipeline.uasset" 46
"../../../Engine/Plugins/Interchange/Runtime/Content/Pipelines/DefaultMaterialPipeline.uexp" 47
"../../../Engine/Plugins/Interchange/Runtime/Content/Pipelines/DefaultGLTFSceneAssetsPipeline.uasset" 48
"../../../Engine/Plugins/Interchange/Runtime/Content/Pipelines/DefaultGLTFSceneAssetsPipeline.uexp" 49
"../../../Engine/Plugins/Interchange/Runtime/Content/Pipelines/DefaultGLTFPipeline.uasset" 50
"../../../Engine/Plugins/Interchange/Runtime/Content/Pipelines/DefaultGLTFPipeline.uexp" 51
"../../../Engine/Plugins/Interchange/Runtime/Content/Pipelines/DefaultGLTFAssetsPipeline.uasset" 52
"../../../Engine/Plugins/Interchange/Runtime/Content/Pipelines/DefaultGLTFAssetsPipeline.uexp" 53
"../../../Engine/Plugins/Interchange/Runtime/Content/Pipelines/DefaultAssetsPipeline.uasset" 54
"../../../Engine/Plugins/Interchange/Runtime/Content/Pipelines/DefaultAssetsPipeline.uexp" 55
"../../../Engine/Content/EngineResources/GradientTexture0.uasset" 56
"../../../Engine/Content/EngineResources/GradientTexture0.uexp" 57
"../../../Engine/Content/EngineResources/Black.uasset" 58
"../../../Engine/Content/EngineResources/Black.uexp" 59
"../../../Engine/Content/EditorResources/S_Actor.ubulk" 60
"../../../Engine/Content/EditorResources/S_Actor.uasset" 61
"../../../Engine/Content/EditorResources/S_Actor.uexp" 62
"../../../Engine/Content/EditorResources/S_Trigger.ubulk" 63
"../../../Engine/Content/EditorResources/S_Trigger.uasset" 64
"../../../Engine/Content/EditorResources/S_Trigger.uexp" 65
"../../../Engine/Content/EditorResources/S_BoxReflectionCapture.uasset" 66
"../../../Engine/Content/EditorResources/S_BoxReflectionCapture.uexp" 67
"../../../Engine/Content/EngineResources/DefaultTexture.ubulk" 68
"../../../Engine/Content/EngineResources/DefaultTexture.uasset" 69
"../../../Engine/Content/EngineResources/DefaultTexture.uexp" 70
"../../../Engine/Content/EditorResources/S_TriggerBox.uasset" 71
"../../../Engine/Content/EditorResources/S_TriggerBox.uexp" 72
"../../../Engine/Content/EditorResources/S_TriggerCapsule.uasset" 73
"../../../Engine/Content/EditorResources/S_TriggerCapsule.uexp" 74
"../../../Engine/Content/EditorResources/S_TriggerSphere.uasset" 75
"../../../Engine/Content/EditorResources/S_TriggerSphere.uexp" 76
"../../../Engine/Content/EngineMeshes/Sphere.ubulk" 77
"../../../Engine/Content/EngineMeshes/Sphere.uasset" 78
"../../../Engine/Content/EngineMeshes/Sphere.uexp" 79
"../../../Engine/Plugins/2D/Paper2D/Content/DefaultSpriteMaterial.uasset" 80
"../../../Engine/Plugins/2D/Paper2D/Content/DefaultSpriteMaterial.uexp" 81
"../../../Engine/Plugins/2D/Paper2D/Content/OpaqueUnlitSpriteMaterial.uasset" 82
"../../../Engine/Plugins/2D/Paper2D/Content/OpaqueUnlitSpriteMaterial.uexp" 83
"../../../Engine/Plugins/2D/Paper2D/Content/MaskedUnlitSpriteMaterial.uasset" 84
"../../../Engine/Plugins/2D/Paper2D/Content/MaskedUnlitSpriteMaterial.uexp" 85
"../../../Engine/Plugins/NNE/NNEDenoiser/Content/NNEDTOM_Output_Default.uasset" 86
"../../../Engine/Plugins/NNE/NNEDenoiser/Content/NNEDTOM_Output_Default.uexp" 87
"../../../Engine/Plugins/NNE/NNEDenoiser/Content/NNEDTOM_Output_Alpha.uasset" 88
"../../../Engine/Plugins/NNE/NNEDenoiser/Content/NNEDTOM_Output_Alpha.uexp" 89
"../../../Engine/Plugins/NNE/NNEDenoiser/Content/NNEDTIM_ColorAlbedoNormal_Default.uasset" 90
"../../../Engine/Plugins/NNE/NNEDenoiser/Content/NNEDTIM_ColorAlbedoNormal_Default.uexp" 91
"../../../Engine/Plugins/NNE/NNEDenoiser/Content/NNEDTIM_ColorAlbedoNormal_Alpha.uasset" 92
"../../../Engine/Plugins/NNE/NNEDenoiser/Content/NNEDTIM_ColorAlbedoNormal_Alpha.uexp" 93
"../../../Engine/Plugins/NNE/NNEDenoiser/Content/NNEDOM_Output_Default.uasset" 94
"../../../Engine/Plugins/NNE/NNEDenoiser/Content/NNEDOM_Output_Default.uexp" 95
"../../../Engine/Plugins/NNE/NNEDenoiser/Content/NNEDOM_Output_Alpha.uasset" 96
"../../../Engine/Plugins/NNE/NNEDenoiser/Content/NNEDOM_Output_Alpha.uexp" 97
"../../../Engine/Plugins/NNE/NNEDenoiser/Content/NNEDIM_HighQuality_Default.uasset" 98
"../../../Engine/Plugins/NNE/NNEDenoiser/Content/NNEDIM_HighQuality_Default.uexp" 99
"../../../Engine/Plugins/NNE/NNEDenoiser/Content/NNEDIM_HighQuality_Alpha.uasset" 100
"../../../Engine/Plugins/NNE/NNEDenoiser/Content/NNEDIM_HighQuality_Alpha.uexp" 101
"../../../Engine/Plugins/NNE/NNEDenoiser/Content/NNEDIM_ColorAlbedoNormal_Default.uasset" 102
"../../../Engine/Plugins/NNE/NNEDenoiser/Content/NNEDIM_ColorAlbedoNormal_Default.uexp" 103
"../../../Engine/Plugins/NNE/NNEDenoiser/Content/NNEDIM_ColorAlbedoNormal_Alpha.uasset" 104
"../../../Engine/Plugins/NNE/NNEDenoiser/Content/NNEDIM_ColorAlbedoNormal_Alpha.uexp" 105
"../../../Engine/Content/EngineMaterials/T_Default_Material_Grid_M.ubulk" 106
"../../../Engine/Content/EngineMaterials/T_Default_Material_Grid_M.uasset" 107
"../../../Engine/Content/EngineMaterials/T_Default_Material_Grid_M.uexp" 108
"../../../Engine/Content/Functions/Engine_MaterialFunctions01/Opacity/CameraDepthFade.uasset" 109
"../../../Engine/Content/Functions/Engine_MaterialFunctions01/Opacity/CameraDepthFade.uexp" 110
"../../../Engine/Content/EngineMaterials/T_Default_Material_Grid_N.ubulk" 111
"../../../Engine/Content/EngineMaterials/T_Default_Material_Grid_N.uasset" 112
"../../../Engine/Content/EngineMaterials/T_Default_Material_Grid_N.uexp" 113
"../../../Engine/Content/EngineMaterials/WorldGridMaterial.uasset" 114
"../../../Engine/Content/EngineMaterials/WorldGridMaterial.uexp" 115
"../../../Engine/Plugins/Media/MediaPlate/Content/SM_MediaPlateScreen.ubulk" 116
"../../../Engine/Plugins/Media/MediaPlate/Content/SM_MediaPlateScreen.uasset" 117
"../../../Engine/Plugins/Media/MediaPlate/Content/SM_MediaPlateScreen.uexp" 118
"../../../Engine/Content/Functions/Engine_MaterialFunctions02/WorldPositionOffset/CameraOffset.uasset" 119
"../../../Engine/Content/Functions/Engine_MaterialFunctions02/WorldPositionOffset/CameraOffset.uexp" 120
"../../../Engine/Plugins/Animation/ControlRig/Content/M_Manip.uasset" 121
"../../../Engine/Plugins/Animation/ControlRig/Content/M_Manip.uexp" 122
"../../../Engine/Content/EngineMaterials/DefaultMaterial.uasset" 123
"../../../Engine/Content/EngineMaterials/DefaultMaterial.uexp" 124
"../../../Engine/Content/BasicShapes/Sphere.ubulk" 125
"../../../Engine/Content/BasicShapes/Sphere.uasset" 126
"../../../Engine/Content/BasicShapes/Sphere.uexp" 127
"../../../Engine/Content/BasicShapes/Plane.ubulk" 128
"../../../Engine/Content/BasicShapes/Plane.uasset" 129
"../../../Engine/Content/BasicShapes/Plane.uexp" 130
"../../../Engine/Content/BasicShapes/Cylinder.ubulk" 131
"../../../Engine/Content/BasicShapes/Cylinder.uasset" 132
"../../../Engine/Content/BasicShapes/Cylinder.uexp" 133
"../../../Engine/Content/BasicShapes/Cone.ubulk" 134
"../../../Engine/Content/BasicShapes/Cone.uasset" 135
"../../../Engine/Content/BasicShapes/Cone.uexp" 136
"../../../Engine/Content/EditorMaterials/PreviewShadowIndicator.ubulk" 137
"../../../Engine/Content/EditorMaterials/PreviewShadowIndicator.uasset" 138
"../../../Engine/Content/EditorMaterials/PreviewShadowIndicator.uexp" 139
"../../../Engine/Content/EditorMaterials/PreviewShadowIndicatorMaterial.uasset" 140
"../../../Engine/Content/EditorMaterials/PreviewShadowIndicatorMaterial.uexp" 141
"../../../Engine/Content/EditorMaterials/PhAT_UnselectedMaterial.uasset" 142
"../../../Engine/Content/EditorMaterials/PhAT_UnselectedMaterial.uexp" 143
"../../../Engine/Content/EditorMaterials/PhAT_NoCollisionMaterial.uasset" 144
"../../../Engine/Content/EditorMaterials/PhAT_NoCollisionMaterial.uexp" 145
"../../../Engine/Content/EditorLandscapeResources/SplineEditorMeshMat.uasset" 146
"../../../Engine/Content/EditorLandscapeResources/SplineEditorMeshMat.uexp" 147
"../../../Engine/Content/EditorLandscapeResources/SplineEditorMesh.ubulk" 148
"../../../Engine/Content/EditorLandscapeResources/SplineEditorMesh.uasset" 149
"../../../Engine/Content/EditorLandscapeResources/SplineEditorMesh.uexp" 150
"../../../Engine/Content/EditorLandscapeResources/DefaultAlphaTexture.uasset" 151
"../../../Engine/Content/EditorLandscapeResources/DefaultAlphaTexture.uexp" 152
"../../../Engine/Content/EditorLandscapeResources/WhiteSquareTexture.uasset" 153
"../../../Engine/Content/EditorLandscapeResources/WhiteSquareTexture.uexp" 154
"../../../Engine/Content/Functions/Engine_MaterialFunctions03/Math/WithinRangeFloat2.uasset" 155
"../../../Engine/Content/Functions/Engine_MaterialFunctions03/Math/WithinRangeFloat2.uexp" 156
"../../../Engine/Content/EditorLandscapeResources/SelectBrushMaterial.uasset" 157
"../../../Engine/Content/EditorLandscapeResources/SelectBrushMaterial.uexp" 158
"../../../Engine/Content/EditorLandscapeResources/SelectBrushMaterial_SelectedRegion.uasset" 159
"../../../Engine/Content/EditorLandscapeResources/SelectBrushMaterial_SelectedRegion.uexp" 160
"../../../Engine/Content/EditorLandscapeResources/SelectBrushMaterial_Selected.uasset" 161
"../../../Engine/Content/EditorLandscapeResources/SelectBrushMaterial_Selected.uexp" 162
"../../../Engine/Content/Functions/Engine_MaterialFunctions02/Utility/MakeFloat3.uasset" 163
"../../../Engine/Content/Functions/Engine_MaterialFunctions02/Utility/MakeFloat3.uexp" 164
"../../../Engine/Content/EditorLandscapeResources/MaskBrushMaterial.uasset" 165
"../../../Engine/Content/EditorLandscapeResources/MaskBrushMaterial.uexp" 166
"../../../Engine/Content/EditorLandscapeResources/MaskBrushMaterial_MaskedRegion.uasset" 167
"../../../Engine/Content/EditorLandscapeResources/MaskBrushMaterial_MaskedRegion.uexp" 168
"../../../Engine/Content/EditorLandscapeResources/LayerVisMaterial.uasset" 169
"../../../Engine/Content/EditorLandscapeResources/LayerVisMaterial.uexp" 170
"../../../Engine/Content/Functions/Engine_MaterialFunctions02/Utility/BreakOutFloat2Components.uasset" 171
"../../../Engine/Content/Functions/Engine_MaterialFunctions02/Utility/BreakOutFloat2Components.uexp" 172
"../../../Engine/Content/Functions/Engine_MaterialFunctions01/Texturing/ScaleUVsByCenter.uasset" 173
"../../../Engine/Content/Functions/Engine_MaterialFunctions01/Texturing/ScaleUVsByCenter.uexp" 174
"../../../Engine/Content/Functions/Engine_MaterialFunctions02/WorldPositionOffset/LocalPosition.uasset" 175
"../../../Engine/Content/Functions/Engine_MaterialFunctions02/WorldPositionOffset/LocalPosition.uexp" 176
"../../../Engine/Content/EngineMaterials/DefaultDiffuse.ubulk" 177
"../../../Engine/Content/EngineMaterials/DefaultDiffuse.uasset" 178
"../../../Engine/Content/EngineMaterials/DefaultDiffuse.uexp" 179
"../../../Engine/Content/Functions/Engine_MaterialFunctions01/Texturing/TextureCropping.uasset" 180
"../../../Engine/Content/Functions/Engine_MaterialFunctions01/Texturing/TextureCropping.uexp" 181
"../../../Engine/Content/Functions/Engine_MaterialFunctions02/ExampleContent/DebugNumberStrip.uasset" 182
"../../../Engine/Content/Functions/Engine_MaterialFunctions02/ExampleContent/DebugNumberStrip.uexp" 183
"../../../Engine/Content/Functions/Engine_MaterialFunctions01/Debug/DebugIntValues.uasset" 184
"../../../Engine/Content/Functions/Engine_MaterialFunctions01/Debug/DebugIntValues.uexp" 185
"../../../Engine/Content/EditorLandscapeResources/LandscapeLayerUsageMaterial.uasset" 186
"../../../Engine/Content/EditorLandscapeResources/LandscapeLayerUsageMaterial.uexp" 187
"../../../Engine/Content/EditorLandscapeResources/LandscapeDirtyMaterial.uasset" 188
"../../../Engine/Content/EditorLandscapeResources/LandscapeDirtyMaterial.uexp" 189
"../../../Engine/Content/EditorLandscapeResources/ColorMaskBrushMaterial.uasset" 190
"../../../Engine/Content/EditorLandscapeResources/ColorMaskBrushMaterial.uexp" 191
"../../../Engine/Content/EditorLandscapeResources/ColorMaskBrushMaterial_MaskedRegion.uasset" 192
"../../../Engine/Content/EditorLandscapeResources/ColorMaskBrushMaterial_MaskedRegion.uexp" 193
"../../../Engine/Content/MapTemplates/SM_Template_Map_Floor.ubulk" 194
"../../../Engine/Content/MapTemplates/SM_Template_Map_Floor.uasset" 195
"../../../Engine/Content/MapTemplates/SM_Template_Map_Floor.uexp" 196
"../../../Engine/Content/EngineSky/T_Sky_Stars.ubulk" 197
"../../../Engine/Content/EngineSky/T_Sky_Stars.uasset" 198
"../../../Engine/Content/EngineSky/T_Sky_Stars.uexp" 199
"../../../Engine/Content/EngineSky/T_Sky_Clouds_M.ubulk" 200
"../../../Engine/Content/EngineSky/T_Sky_Clouds_M.uasset" 201
"../../../Engine/Content/EngineSky/T_Sky_Clouds_M.uexp" 202
"../../../Engine/Content/EngineSky/T_Sky_Blue.ubulk" 203
"../../../Engine/Content/EngineSky/T_Sky_Blue.uasset" 204
"../../../Engine/Content/EngineSky/T_Sky_Blue.uexp" 205
"../../../Engine/Content/EngineSky/M_Sky_Panning_Clouds2.uasset" 206
"../../../Engine/Content/EngineSky/M_Sky_Panning_Clouds2.uexp" 207
"../../../Engine/Content/EngineSky/SM_SkySphere.ubulk" 208
"../../../Engine/Content/EngineSky/SM_SkySphere.uasset" 209
"../../../Engine/Content/EngineSky/SM_SkySphere.uexp" 210
"../../../Engine/Content/EngineSky/M_SimpleSkyDome.uasset" 211
"../../../Engine/Content/EngineSky/M_SimpleSkyDome.uexp" 212
"../../../Engine/Content/EngineResources/DefaultTextureCube.uasset" 213
"../../../Engine/Content/EngineResources/DefaultTextureCube.uexp" 214
"../../../Engine/Content/EngineResources/WhiteSquareTexture.uasset" 215
"../../../Engine/Content/EngineResources/WhiteSquareTexture.uexp" 216
"../../../Engine/Content/EngineMaterials/Widget3DPassThrough.uasset" 217
"../../../Engine/Content/EngineMaterials/Widget3DPassThrough.uexp" 218
"../../../Engine/Content/EngineMaterials/Widget3DPassThrough_Translucent.uasset" 219
"../../../Engine/Content/EngineMaterials/Widget3DPassThrough_Translucent.uexp" 220
"../../../Engine/Content/EngineMaterials/Widget3DPassThrough_Translucent_OneSided.uasset" 221
"../../../Engine/Content/EngineMaterials/Widget3DPassThrough_Translucent_OneSided.uexp" 222
"../../../Engine/Content/EngineMaterials/Widget3DPassThrough_Opaque.uasset" 223
"../../../Engine/Content/EngineMaterials/Widget3DPassThrough_Opaque.uexp" 224
"../../../Engine/Content/EngineMaterials/Widget3DPassThrough_Opaque_OneSided.uasset" 225
"../../../Engine/Content/EngineMaterials/Widget3DPassThrough_Opaque_OneSided.uexp" 226
"../../../Engine/Content/EngineMaterials/Widget3DPassThrough_Masked_OneSided.uasset" 227
"../../../Engine/Content/EngineMaterials/Widget3DPassThrough_Masked_OneSided.uexp" 228
"../../../Engine/Content/EngineMaterials/Widget3DPassThrough_Masked.uasset" 229
"../../../Engine/Content/EngineMaterials/Widget3DPassThrough_Masked.uexp" 230
"../../../Engine/Content/EngineMaterials/WeightMapPlaceholderTexture.uasset" 231
"../../../Engine/Content/EngineMaterials/WeightMapPlaceholderTexture.uexp" 232
"../../../Engine/Content/EngineMaterials/WeightMapArrayPlaceholderTexture.uasset" 233
"../../../Engine/Content/EngineMaterials/WeightMapArrayPlaceholderTexture.uexp" 234
"../../../Engine/Content/EngineMaterials/RemoveSurfaceMaterial.uasset" 235
"../../../Engine/Content/EngineMaterials/RemoveSurfaceMaterial.uexp" 236
"../../../Engine/Content/EngineMaterials/PreintegratedSkinBRDF.uasset" 237
"../../../Engine/Content/EngineMaterials/PreintegratedSkinBRDF.uexp" 238
"../../../Engine/Content/EngineMaterials/DefaultCalibrationGrayscale.uasset" 239
"../../../Engine/Content/EngineMaterials/DefaultCalibrationGrayscale.uexp" 240
"../../../Engine/Content/EngineMaterials/PPM_DefaultCalibrationGrayscale.uasset" 241
"../../../Engine/Content/EngineMaterials/PPM_DefaultCalibrationGrayscale.uexp" 242
"../../../Engine/Content/EngineMaterials/DefaultCalibrationColor.uasset" 243
"../../../Engine/Content/EngineMaterials/DefaultCalibrationColor.uexp" 244
"../../../Engine/Content/EngineMaterials/PPM_DefaultCalibrationColor.uasset" 245
"../../../Engine/Content/EngineMaterials/PPM_DefaultCalibrationColor.uexp" 246
"../../../Engine/Content/EngineMaterials/PhAT_JointLimitMaterial.uasset" 247
"../../../Engine/Content/EngineMaterials/PhAT_JointLimitMaterial.uexp" 248
"../../../Engine/Content/EngineMaterials/NaniteHiddenSectionMaterial.uasset" 249
"../../../Engine/Content/EngineMaterials/NaniteHiddenSectionMaterial.uexp" 250
"../../../Engine/Content/EngineMaterials/InvalidLightmapSettings.ubulk" 251
"../../../Engine/Content/EngineMaterials/InvalidLightmapSettings.uasset" 252
"../../../Engine/Content/EngineMaterials/InvalidLightmapSettings.uexp" 253
"../../../Engine/Content/EngineMaterials/M_InvalidLightmapSettings.uasset" 254
"../../../Engine/Content/EngineMaterials/M_InvalidLightmapSettings.uexp" 255
"../../../Engine/Content/EngineMaterials/MiniFont.uasset" 256
"../../../Engine/Content/EngineMaterials/MiniFont.uexp" 257
"../../../Engine/Content/EngineMaterials/GizmoMaterial.uasset" 258
"../../../Engine/Content/EngineMaterials/GizmoMaterial.uexp" 259
"../../../Engine/Content/EngineMaterials/BaseFlattenDiffuseMap_VT.ubulk" 260
"../../../Engine/Content/EngineMaterials/BaseFlattenDiffuseMap_VT.uasset" 261
"../../../Engine/Content/EngineMaterials/BaseFlattenDiffuseMap_VT.uexp" 262
"../../../Engine/Content/EngineMaterials/BaseFlattenEmissiveMap_VT.ubulk" 263
"../../../Engine/Content/EngineMaterials/BaseFlattenEmissiveMap_VT.uasset" 264
"../../../Engine/Content/EngineMaterials/BaseFlattenEmissiveMap_VT.uexp" 265
"../../../Engine/Content/EngineMaterials/BaseFlattenGrayscaleMap_VT.ubulk" 266
"../../../Engine/Content/EngineMaterials/BaseFlattenGrayscaleMap_VT.uasset" 267
"../../../Engine/Content/EngineMaterials/BaseFlattenGrayscaleMap_VT.uexp" 268
"../../../Engine/Content/EngineMaterials/BaseFlattenLinearColor_VT.ubulk" 269
"../../../Engine/Content/EngineMaterials/BaseFlattenLinearColor_VT.uasset" 270
"../../../Engine/Content/EngineMaterials/BaseFlattenLinearColor_VT.uexp" 271
"../../../Engine/Content/EngineMaterials/BaseFlattenNormalMap_VT.ubulk" 272
"../../../Engine/Content/EngineMaterials/BaseFlattenNormalMap_VT.uasset" 273
"../../../Engine/Content/EngineMaterials/BaseFlattenNormalMap_VT.uexp" 274
"../../../Engine/Content/EngineMaterials/Black_1x1_EXR_Texture_VT.ubulk" 275
"../../../Engine/Content/EngineMaterials/Black_1x1_EXR_Texture_VT.uasset" 276
"../../../Engine/Content/EngineMaterials/Black_1x1_EXR_Texture_VT.uexp" 277
"../../../Engine/Content/EngineMaterials/FlattenMaterial_WS_Normal_VT.uasset" 278
"../../../Engine/Content/EngineMaterials/FlattenMaterial_WS_Normal_VT.uexp" 279
"../../../Engine/Content/EngineMaterials/FlattenMaterial_VT.uasset" 280
"../../../Engine/Content/EngineMaterials/FlattenMaterial_VT.uexp" 281
"../../../Engine/Content/EngineMaterials/BaseFlattenNormalMap.uasset" 282
"../../../Engine/Content/EngineMaterials/BaseFlattenNormalMap.uexp" 283
"../../../Engine/Content/EngineMaterials/BaseFlattenDiffuseMap.uasset" 284
"../../../Engine/Content/EngineMaterials/BaseFlattenDiffuseMap.uexp" 285
"../../../Engine/Content/EngineMaterials/BaseFlattenEmissiveMap.uasset" 286
"../../../Engine/Content/EngineMaterials/BaseFlattenEmissiveMap.uexp" 287
"../../../Engine/Content/EngineMaterials/BaseFlattenGrayscaleMap.uasset" 288
"../../../Engine/Content/EngineMaterials/BaseFlattenGrayscaleMap.uexp" 289
"../../../Engine/Content/EngineMaterials/BaseFlattenLinearColor.uasset" 290
"../../../Engine/Content/EngineMaterials/BaseFlattenLinearColor.uexp" 291
"../../../Engine/Content/Functions/Engine_MaterialFunctions02/PivotPainter2/Black_1x1_EXR_Texture.uasset" 292
"../../../Engine/Content/Functions/Engine_MaterialFunctions02/PivotPainter2/Black_1x1_EXR_Texture.uexp" 293
"../../../Engine/Content/EngineMaterials/FlattenMaterial.uasset" 294
"../../../Engine/Content/EngineMaterials/FlattenMaterial.uexp" 295
"../../../Engine/Content/EngineMaterials/FastBlueNoise_vec2_128x128x64.uasset" 296
"../../../Engine/Content/EngineMaterials/FastBlueNoise_vec2_128x128x64.uexp" 297
"../../../Engine/Content/EngineMaterials/FastBlueNoise_scalar_128x128x8.uasset" 298
"../../../Engine/Content/EngineMaterials/FastBlueNoise_scalar_128x128x8.uexp" 299
"../../../Engine/Content/EngineMaterials/FastBlueNoise_scalar_128x128x64.uasset" 300
"../../../Engine/Content/EngineMaterials/FastBlueNoise_scalar_128x128x64.uexp" 301
"../../../Engine/Content/EngineMaterials/DefaultWhiteGrid_Low.uasset" 302
"../../../Engine/Content/EngineMaterials/DefaultWhiteGrid_Low.uexp" 303
"../../../Engine/Content/EngineMaterials/EmissiveMeshMaterial.uasset" 304
"../../../Engine/Content/EngineMaterials/EmissiveMeshMaterial.uexp" 305
"../../../Engine/Content/EngineMaterials/DefaultWhiteGrid.ubulk" 306
"../../../Engine/Content/EngineMaterials/DefaultWhiteGrid.uasset" 307
"../../../Engine/Content/EngineMaterials/DefaultWhiteGrid.uexp" 308
"../../../Engine/Content/EngineFonts/RobotoDistanceField.uasset" 309
"../../../Engine/Content/EngineFonts/RobotoDistanceField.uexp" 310
"../../../Engine/Content/EngineMaterials/DefaultTextMaterialOpaque.uasset" 311
"../../../Engine/Content/EngineMaterials/DefaultTextMaterialOpaque.uexp" 312
"../../../Engine/Content/EngineMaterials/DefaultPostProcessMaterial.uasset" 313
"../../../Engine/Content/EngineMaterials/DefaultPostProcessMaterial.uexp" 314
"../../../Engine/Content/EngineMaterials/DefaultLightFunctionMaterial.uasset" 315
"../../../Engine/Content/EngineMaterials/DefaultLightFunctionMaterial.uexp" 316
"../../../Engine/Content/EngineMaterials/DefaultDeferredDecalMaterial.uasset" 317
"../../../Engine/Content/EngineMaterials/DefaultDeferredDecalMaterial.uexp" 318
"../../../Engine/Content/EngineMaterials/DefaultBokeh.uasset" 319
"../../../Engine/Content/EngineMaterials/DefaultBokeh.uexp" 320
"../../../Engine/Content/EngineMaterials/DefaultBloomKernel.uasset" 321
"../../../Engine/Content/EngineMaterials/DefaultBloomKernel.uexp" 322
"../../../Engine/Content/Functions/Engine_MaterialFunctions02/Utility/CameraDirectionVector.uasset" 323
"../../../Engine/Content/Functions/Engine_MaterialFunctions02/Utility/CameraDirectionVector.uexp" 324
"../../../Engine/Content/EngineDebugMaterials/VolumeToRender.uasset" 325
"../../../Engine/Content/EngineDebugMaterials/VolumeToRender.uexp" 326
"../../../Engine/Content/EngineDebugMaterials/M_VolumeRenderSphereTracePP.uasset" 327
"../../../Engine/Content/EngineDebugMaterials/M_VolumeRenderSphereTracePP.uexp" 328
"../../../Engine/Content/EngineDebugMaterials/M_SimpleUnlitTranslucent.uasset" 329
"../../../Engine/Content/EngineDebugMaterials/M_SimpleUnlitTranslucent.uexp" 330
"../../../Engine/Content/EngineDebugMaterials/DebugMeshMaterial.uasset" 331
"../../../Engine/Content/EngineDebugMaterials/DebugMeshMaterial.uexp" 332
"../../../Engine/Content/EngineDebugMaterials/DebugEditorMaterial.uasset" 333
"../../../Engine/Content/EngineDebugMaterials/DebugEditorMaterial.uexp" 334
"../../../Engine/Content/EngineDamageTypes/DmgTypeBP_Environmental.uasset" 335
"../../../Engine/Content/EngineDamageTypes/DmgTypeBP_Environmental.uexp" 336
"../../../Engine/Content/EditorResources/S_Terrain.ubulk" 337
"../../../Engine/Content/EditorResources/S_Terrain.uasset" 338
"../../../Engine/Content/EditorResources/S_Terrain.uexp" 339
"../../../Engine/Content/EditorResources/S_Solver.ubulk" 340
"../../../Engine/Content/EditorResources/S_Solver.uasset" 341
"../../../Engine/Content/EditorResources/S_Solver.uexp" 342
"../../../Engine/Content/EditorResources/BSPVertex.uasset" 343
"../../../Engine/Content/EditorResources/BSPVertex.uexp" 344
"../../../Engine/Content/BasicShapes/Cube.ubulk" 345
"../../../Engine/Content/BasicShapes/Cube.uasset" 346
"../../../Engine/Content/BasicShapes/Cube.uexp" 347
"../../../Engine/Content/BasicShapes/BasicShapeMaterial.uasset" 348
"../../../Engine/Content/BasicShapes/BasicShapeMaterial.uexp" 349
"C:/Users/Fleddie/Documents/Unreal Projects/Haunting-Sim-Collab/Haunting_Sim/Content/DataTables/E_TrapTypes.uasset" 350
"C:/Users/Fleddie/Documents/Unreal Projects/Haunting-Sim-Collab/Haunting_Sim/Content/DataTables/E_TrapTypes.uexp" 351
"C:/Users/Fleddie/Documents/Unreal Projects/Haunting-Sim-Collab/Haunting_Sim/Content/DataTables/STR_TrapBackup.uasset" 352
"C:/Users/Fleddie/Documents/Unreal Projects/Haunting-Sim-Collab/Haunting_Sim/Content/DataTables/STR_TrapBackup.uexp" 353
"../../../Engine/Content/Functions/Engine_MaterialFunctions02/Utility/BreakOutFloat3Components.uasset" 354
"../../../Engine/Content/Functions/Engine_MaterialFunctions02/Utility/BreakOutFloat3Components.uexp" 355
"../../../Engine/Content/Functions/Engine_MaterialFunctions01/Gradient/LinearGradient.uasset" 356
"../../../Engine/Content/Functions/Engine_MaterialFunctions01/Gradient/LinearGradient.uexp" 357
"../../../Engine/Content/Functions/Engine_MaterialFunctions01/ImageAdjustment/CheapContrast.uasset" 358
"../../../Engine/Content/Functions/Engine_MaterialFunctions01/ImageAdjustment/CheapContrast.uexp" 359
"C:/Users/Fleddie/Documents/Unreal Projects/Haunting-Sim-Collab/Haunting_Sim/Content/LevelPrototyping/Textures/T_GridChecker_A.ubulk" 360
"C:/Users/Fleddie/Documents/Unreal Projects/Haunting-Sim-Collab/Haunting_Sim/Content/LevelPrototyping/Textures/T_GridChecker_A.uasset" 361
"C:/Users/Fleddie/Documents/Unreal Projects/Haunting-Sim-Collab/Haunting_Sim/Content/LevelPrototyping/Textures/T_GridChecker_A.uexp" 362
"C:/Users/Fleddie/Documents/Unreal Projects/Haunting-Sim-Collab/Haunting_Sim/Content/LevelPrototyping/Materials/MF_ProcGrid.uasset" 363
"C:/Users/Fleddie/Documents/Unreal Projects/Haunting-Sim-Collab/Haunting_Sim/Content/LevelPrototyping/Materials/MF_ProcGrid.uexp" 364
"C:/Users/Fleddie/Documents/Unreal Projects/Haunting-Sim-Collab/Haunting_Sim/Content/LevelPrototyping/Materials/M_PrototypeGrid.uasset" 365
"C:/Users/Fleddie/Documents/Unreal Projects/Haunting-Sim-Collab/Haunting_Sim/Content/LevelPrototyping/Materials/M_PrototypeGrid.uexp" 366
"C:/Users/Fleddie/Documents/Unreal Projects/Haunting-Sim-Collab/Haunting_Sim/Content/LevelPrototyping/Materials/MI_PrototypeGrid_Gray.uasset" 367
"C:/Users/Fleddie/Documents/Unreal Projects/Haunting-Sim-Collab/Haunting_Sim/Content/LevelPrototyping/Materials/MI_PrototypeGrid_Gray.uexp" 368
"C:/Users/Fleddie/Documents/Unreal Projects/Haunting-Sim-Collab/Haunting_Sim/Content/LevelPrototyping/Meshes/SM_Ramp.ubulk" 369
"C:/Users/Fleddie/Documents/Unreal Projects/Haunting-Sim-Collab/Haunting_Sim/Content/LevelPrototyping/Meshes/SM_Ramp.uasset" 370
"C:/Users/Fleddie/Documents/Unreal Projects/Haunting-Sim-Collab/Haunting_Sim/Content/LevelPrototyping/Meshes/SM_Ramp.uexp" 371
"C:/Users/Fleddie/Documents/Unreal Projects/Haunting-Sim-Collab/Haunting_Sim/Content/LevelPrototyping/Meshes/SM_Cube.ubulk" 372
"C:/Users/Fleddie/Documents/Unreal Projects/Haunting-Sim-Collab/Haunting_Sim/Content/LevelPrototyping/Meshes/SM_Cube.uasset" 373
"C:/Users/Fleddie/Documents/Unreal Projects/Haunting-Sim-Collab/Haunting_Sim/Content/LevelPrototyping/Meshes/SM_Cube.uexp" 374
"C:/Users/Fleddie/Documents/Unreal Projects/Haunting-Sim-Collab/Haunting_Sim/Content/LevelPrototyping/Meshes/SM_Cylinder.ubulk" 375
"C:/Users/Fleddie/Documents/Unreal Projects/Haunting-Sim-Collab/Haunting_Sim/Content/LevelPrototyping/Meshes/SM_Cylinder.uasset" 376
"C:/Users/Fleddie/Documents/Unreal Projects/Haunting-Sim-Collab/Haunting_Sim/Content/LevelPrototyping/Meshes/SM_Cylinder.uexp" 377
"C:/Users/Fleddie/Documents/Unreal Projects/Haunting-Sim-Collab/Haunting_Sim/Content/Shop-and-inventory/WBP_TempShopEntry.uasset" 378
"C:/Users/Fleddie/Documents/Unreal Projects/Haunting-Sim-Collab/Haunting_Sim/Content/Shop-and-inventory/WBP_TempShopEntry.uexp" 379
"C:/Users/Fleddie/Documents/Unreal Projects/Haunting-Sim-Collab/Haunting_Sim/Content/Shop-and-inventory/WBP_InventorySlot.uasset" 380
"C:/Users/Fleddie/Documents/Unreal Projects/Haunting-Sim-Collab/Haunting_Sim/Content/Shop-and-inventory/WBP_InventorySlot.uexp" 381
"C:/Users/Fleddie/Documents/Unreal Projects/Haunting-Sim-Collab/Haunting_Sim/Content/Shop-and-inventory/WBP_TempHUD.uasset" 382
"C:/Users/Fleddie/Documents/Unreal Projects/Haunting-Sim-Collab/Haunting_Sim/Content/Shop-and-inventory/WBP_TempHUD.uexp" 383
"C:/Users/Fleddie/Documents/Unreal Projects/Haunting-Sim-Collab/Haunting_Sim/Content/Input/Actions/IA_MouseLook.uasset" 384
"C:/Users/Fleddie/Documents/Unreal Projects/Haunting-Sim-Collab/Haunting_Sim/Content/Input/Actions/IA_MouseLook.uexp" 385
"C:/Users/Fleddie/Documents/Unreal Projects/Haunting-Sim-Collab/Haunting_Sim/Content/Input/IMC_MouseLook.uasset" 386
"C:/Users/Fleddie/Documents/Unreal Projects/Haunting-Sim-Collab/Haunting_Sim/Content/Input/IMC_MouseLook.uexp" 387
"C:/Users/Fleddie/Documents/Unreal Projects/Haunting-Sim-Collab/Haunting_Sim/Content/Input/Actions/IA_Jump.uasset" 388
"C:/Users/Fleddie/Documents/Unreal Projects/Haunting-Sim-Collab/Haunting_Sim/Content/Input/Actions/IA_Jump.uexp" 389
"C:/Users/Fleddie/Documents/Unreal Projects/Haunting-Sim-Collab/Haunting_Sim/Content/Input/Actions/IA_Look.uasset" 390
"C:/Users/Fleddie/Documents/Unreal Projects/Haunting-Sim-Collab/Haunting_Sim/Content/Input/Actions/IA_Look.uexp" 391
"C:/Users/Fleddie/Documents/Unreal Projects/Haunting-Sim-Collab/Haunting_Sim/Content/Input/Actions/IA_Move.uasset" 392
"C:/Users/Fleddie/Documents/Unreal Projects/Haunting-Sim-Collab/Haunting_Sim/Content/Input/Actions/IA_Move.uexp" 393
"C:/Users/Fleddie/Documents/Unreal Projects/Haunting-Sim-Collab/Haunting_Sim/Content/Input/Actions/IA_Pause.uasset" 394
"C:/Users/Fleddie/Documents/Unreal Projects/Haunting-Sim-Collab/Haunting_Sim/Content/Input/Actions/IA_Pause.uexp" 395
"C:/Users/Fleddie/Documents/Unreal Projects/Haunting-Sim-Collab/Haunting_Sim/Content/Input/Actions/IA_ScrollInventory.uasset" 396
"C:/Users/Fleddie/Documents/Unreal Projects/Haunting-Sim-Collab/Haunting_Sim/Content/Input/Actions/IA_ScrollInventory.uexp" 397
"C:/Users/Fleddie/Documents/Unreal Projects/Haunting-Sim-Collab/Haunting_Sim/Content/Input/Actions/IA_Interact.uasset" 398
"C:/Users/Fleddie/Documents/Unreal Projects/Haunting-Sim-Collab/Haunting_Sim/Content/Input/Actions/IA_Interact.uexp" 399
"C:/Users/Fleddie/Documents/Unreal Projects/Haunting-Sim-Collab/Haunting_Sim/Content/Input/Actions/IA_Hotkey8.uasset" 400
"C:/Users/Fleddie/Documents/Unreal Projects/Haunting-Sim-Collab/Haunting_Sim/Content/Input/Actions/IA_Hotkey8.uexp" 401
"C:/Users/Fleddie/Documents/Unreal Projects/Haunting-Sim-Collab/Haunting_Sim/Content/Input/Actions/IA_Hotkey7.uasset" 402
"C:/Users/Fleddie/Documents/Unreal Projects/Haunting-Sim-Collab/Haunting_Sim/Content/Input/Actions/IA_Hotkey7.uexp" 403
"C:/Users/Fleddie/Documents/Unreal Projects/Haunting-Sim-Collab/Haunting_Sim/Content/Input/Actions/IA_Hotkey6.uasset" 404
"C:/Users/Fleddie/Documents/Unreal Projects/Haunting-Sim-Collab/Haunting_Sim/Content/Input/Actions/IA_Hotkey6.uexp" 405
"C:/Users/Fleddie/Documents/Unreal Projects/Haunting-Sim-Collab/Haunting_Sim/Content/Input/Actions/IA_Hotkey5.uasset" 406
"C:/Users/Fleddie/Documents/Unreal Projects/Haunting-Sim-Collab/Haunting_Sim/Content/Input/Actions/IA_Hotkey5.uexp" 407
"C:/Users/Fleddie/Documents/Unreal Projects/Haunting-Sim-Collab/Haunting_Sim/Content/Input/Actions/IA_Hotkey4.uasset" 408
"C:/Users/Fleddie/Documents/Unreal Projects/Haunting-Sim-Collab/Haunting_Sim/Content/Input/Actions/IA_Hotkey4.uexp" 409
"C:/Users/Fleddie/Documents/Unreal Projects/Haunting-Sim-Collab/Haunting_Sim/Content/Input/Actions/IA_Hotkey3.uasset" 410
"C:/Users/Fleddie/Documents/Unreal Projects/Haunting-Sim-Collab/Haunting_Sim/Content/Input/Actions/IA_Hotkey3.uexp" 411
"C:/Users/Fleddie/Documents/Unreal Projects/Haunting-Sim-Collab/Haunting_Sim/Content/Input/Actions/IA_Hotkey2.uasset" 412
"C:/Users/Fleddie/Documents/Unreal Projects/Haunting-Sim-Collab/Haunting_Sim/Content/Input/Actions/IA_Hotkey2.uexp" 413
"C:/Users/Fleddie/Documents/Unreal Projects/Haunting-Sim-Collab/Haunting_Sim/Content/Input/Actions/IA_Hotkey1.uasset" 414
"C:/Users/Fleddie/Documents/Unreal Projects/Haunting-Sim-Collab/Haunting_Sim/Content/Input/Actions/IA_Hotkey1.uexp" 415
"C:/Users/Fleddie/Documents/Unreal Projects/Haunting-Sim-Collab/Haunting_Sim/Content/Input/IMC_Default.uasset" 416
"C:/Users/Fleddie/Documents/Unreal Projects/Haunting-Sim-Collab/Haunting_Sim/Content/Input/IMC_Default.uexp" 417
"C:/Users/Fleddie/Documents/Unreal Projects/Haunting-Sim-Collab/Haunting_Sim/Content/placement_system/imputs/imputs/ia_rotate_right.uasset" 418
"C:/Users/Fleddie/Documents/Unreal Projects/Haunting-Sim-Collab/Haunting_Sim/Content/placement_system/imputs/imputs/ia_rotate_right.uexp" 419
"C:/Users/Fleddie/Documents/Unreal Projects/Haunting-Sim-Collab/Haunting_Sim/Content/placement_system/imputs/imputs/ia_rotate_left.uasset" 420
"C:/Users/Fleddie/Documents/Unreal Projects/Haunting-Sim-Collab/Haunting_Sim/Content/placement_system/imputs/imputs/ia_rotate_left.uexp" 421
"C:/Users/Fleddie/Documents/Unreal Projects/Haunting-Sim-Collab/Haunting_Sim/Content/placement_system/imputs/imputs/ia_place_build.uasset" 422
"C:/Users/Fleddie/Documents/Unreal Projects/Haunting-Sim-Collab/Haunting_Sim/Content/placement_system/imputs/imputs/ia_place_build.uexp" 423
"C:/Users/Fleddie/Documents/Unreal Projects/Haunting-Sim-Collab/Haunting_Sim/Content/placement_system/imputs/imputs/ia_destroy.uasset" 424
"C:/Users/Fleddie/Documents/Unreal Projects/Haunting-Sim-Collab/Haunting_Sim/Content/placement_system/imputs/imputs/ia_destroy.uexp" 425
"C:/Users/Fleddie/Documents/Unreal Projects/Haunting-Sim-Collab/Haunting_Sim/Content/placement_system/imputs/imputs/ia_build.uasset" 426
"C:/Users/Fleddie/Documents/Unreal Projects/Haunting-Sim-Collab/Haunting_Sim/Content/placement_system/imputs/imputs/ia_build.uexp" 427
"C:/Users/Fleddie/Documents/Unreal Projects/Haunting-Sim-Collab/Haunting_Sim/Content/placement_system/imputs/player_placement_actions.uasset" 428
"C:/Users/Fleddie/Documents/Unreal Projects/Haunting-Sim-Collab/Haunting_Sim/Content/placement_system/imputs/player_placement_actions.uexp" 429
"../../../Engine/Content/MobileResources/HUD/VirtualJoystick_Thumb.uasset" 430
"../../../Engine/Content/MobileResources/HUD/VirtualJoystick_Thumb.uexp" 431
"../../../Engine/Content/MobileResources/HUD/VirtualJoystick_Background.uasset" 432
"../../../Engine/Content/MobileResources/HUD/VirtualJoystick_Background.uexp" 433
"C:/Users/Fleddie/Documents/Unreal Projects/Haunting-Sim-Collab/Haunting_Sim/Content/Input/Touch/UI_Thumbstick.uasset" 434
"C:/Users/Fleddie/Documents/Unreal Projects/Haunting-Sim-Collab/Haunting_Sim/Content/Input/Touch/UI_Thumbstick.uexp" 435
"C:/Users/Fleddie/Documents/Unreal Projects/Haunting-Sim-Collab/Haunting_Sim/Content/Input/Touch/BPI_TouchInterface.uasset" 436
"C:/Users/Fleddie/Documents/Unreal Projects/Haunting-Sim-Collab/Haunting_Sim/Content/Input/Touch/BPI_TouchInterface.uexp" 437
"C:/Users/Fleddie/Documents/Unreal Projects/Haunting-Sim-Collab/Haunting_Sim/Content/Input/Touch/UI_TouchSimple.uasset" 438
"C:/Users/Fleddie/Documents/Unreal Projects/Haunting-Sim-Collab/Haunting_Sim/Content/Input/Touch/UI_TouchSimple.uexp" 439
"C:/Users/Fleddie/Documents/Unreal Projects/Haunting-Sim-Collab/Haunting_Sim/Content/FirstPerson/Blueprints/BP_FirstPersonCameraManager.uasset" 440
"C:/Users/Fleddie/Documents/Unreal Projects/Haunting-Sim-Collab/Haunting_Sim/Content/FirstPerson/Blueprints/BP_FirstPersonCameraManager.uexp" 441
"C:/Users/Fleddie/Documents/Unreal Projects/Haunting-Sim-Collab/Haunting_Sim/Content/FirstPerson/Blueprints/BP_FirstPersonPlayerController.uasset" 442
"C:/Users/Fleddie/Documents/Unreal Projects/Haunting-Sim-Collab/Haunting_Sim/Content/FirstPerson/Blueprints/BP_FirstPersonPlayerController.uexp" 443
"C:/Users/Fleddie/Documents/Unreal Projects/Haunting-Sim-Collab/Haunting_Sim/Content/Shop-and-inventory/ThingsToRelocate/M_TempManagerCube.ubulk" 444
"C:/Users/Fleddie/Documents/Unreal Projects/Haunting-Sim-Collab/Haunting_Sim/Content/Shop-and-inventory/ThingsToRelocate/M_TempManagerCube.uasset" 445
"C:/Users/Fleddie/Documents/Unreal Projects/Haunting-Sim-Collab/Haunting_Sim/Content/Shop-and-inventory/ThingsToRelocate/M_TempManagerCube.uexp" 446
"C:/Users/Fleddie/Documents/Unreal Projects/Haunting-Sim-Collab/Haunting_Sim/Content/Shop-and-inventory/ThingsToRelocate/T_ShopCube.ubulk" 447
"C:/Users/Fleddie/Documents/Unreal Projects/Haunting-Sim-Collab/Haunting_Sim/Content/Shop-and-inventory/ThingsToRelocate/T_ShopCube.uasset" 448
"C:/Users/Fleddie/Documents/Unreal Projects/Haunting-Sim-Collab/Haunting_Sim/Content/Shop-and-inventory/ThingsToRelocate/T_ShopCube.uexp" 449
"C:/Users/Fleddie/Documents/Unreal Projects/Haunting-Sim-Collab/Haunting_Sim/Content/Shop-and-inventory/ThingsToRelocate/M_CubeMaster.uasset" 450
"C:/Users/Fleddie/Documents/Unreal Projects/Haunting-Sim-Collab/Haunting_Sim/Content/Shop-and-inventory/ThingsToRelocate/M_CubeMaster.uexp" 451
"C:/Users/Fleddie/Documents/Unreal Projects/Haunting-Sim-Collab/Haunting_Sim/Content/Shop-and-inventory/BP_ShopManager.uasset" 452
"C:/Users/Fleddie/Documents/Unreal Projects/Haunting-Sim-Collab/Haunting_Sim/Content/Shop-and-inventory/BP_ShopManager.uexp" 453
"C:/Users/Fleddie/Documents/Unreal Projects/Haunting-Sim-Collab/Haunting_Sim/Content/Shop-and-inventory/ThingsToRelocate/T_InventoryCube.ubulk" 454
"C:/Users/Fleddie/Documents/Unreal Projects/Haunting-Sim-Collab/Haunting_Sim/Content/Shop-and-inventory/ThingsToRelocate/T_InventoryCube.uasset" 455
"C:/Users/Fleddie/Documents/Unreal Projects/Haunting-Sim-Collab/Haunting_Sim/Content/Shop-and-inventory/ThingsToRelocate/T_InventoryCube.uexp" 456
"C:/Users/Fleddie/Documents/Unreal Projects/Haunting-Sim-Collab/Haunting_Sim/Content/Shop-and-inventory/ThingsToRelocate/MI_CubeInventory.uasset" 457
"C:/Users/Fleddie/Documents/Unreal Projects/Haunting-Sim-Collab/Haunting_Sim/Content/Shop-and-inventory/ThingsToRelocate/MI_CubeInventory.uexp" 458
"C:/Users/Fleddie/Documents/Unreal Projects/Haunting-Sim-Collab/Haunting_Sim/Content/placement_system/materials/m_build_preview.uasset" 459
"C:/Users/Fleddie/Documents/Unreal Projects/Haunting-Sim-Collab/Haunting_Sim/Content/placement_system/materials/m_build_preview.uexp" 460
"C:/Users/Fleddie/Documents/Unreal Projects/Haunting-Sim-Collab/Haunting_Sim/Content/placement_system/blueprint_examples/bp_examples_master.uasset" 461
"C:/Users/Fleddie/Documents/Unreal Projects/Haunting-Sim-Collab/Haunting_Sim/Content/placement_system/blueprint_examples/bp_examples_master.uexp" 462
"C:/Users/Fleddie/Documents/Unreal Projects/Haunting-Sim-Collab/Haunting_Sim/Content/LevelPrototyping/Interactable/JumpPad/Assets/Materials/M_SimpleGlow.uasset" 463
"C:/Users/Fleddie/Documents/Unreal Projects/Haunting-Sim-Collab/Haunting_Sim/Content/LevelPrototyping/Interactable/JumpPad/Assets/Materials/M_SimpleGlow.uexp" 464
"C:/Users/Fleddie/Documents/Unreal Projects/Haunting-Sim-Collab/Haunting_Sim/Content/LevelPrototyping/Interactable/JumpPad/Assets/Meshes/SM_CircularBand.ubulk" 465
"C:/Users/Fleddie/Documents/Unreal Projects/Haunting-Sim-Collab/Haunting_Sim/Content/LevelPrototyping/Interactable/JumpPad/Assets/Meshes/SM_CircularBand.uasset" 466
"C:/Users/Fleddie/Documents/Unreal Projects/Haunting-Sim-Collab/Haunting_Sim/Content/LevelPrototyping/Interactable/JumpPad/Assets/Meshes/SM_CircularBand.uexp" 467
"C:/Users/Fleddie/Documents/Unreal Projects/Haunting-Sim-Collab/Haunting_Sim/Content/placement_system/blueprint_examples/bp_examle_4_child.uasset" 468
"C:/Users/Fleddie/Documents/Unreal Projects/Haunting-Sim-Collab/Haunting_Sim/Content/placement_system/blueprint_examples/bp_examle_4_child.uexp" 469
"C:/Users/Fleddie/Documents/Unreal Projects/Haunting-Sim-Collab/Haunting_Sim/Content/placement_system/blueprint_examples/bp_examle_3_child.uasset" 470
"C:/Users/Fleddie/Documents/Unreal Projects/Haunting-Sim-Collab/Haunting_Sim/Content/placement_system/blueprint_examples/bp_examle_3_child.uexp" 471
"C:/Users/Fleddie/Documents/Unreal Projects/Haunting-Sim-Collab/Haunting_Sim/Content/placement_system/blueprint_examples/bp_examle_2_child.uasset" 472
"C:/Users/Fleddie/Documents/Unreal Projects/Haunting-Sim-Collab/Haunting_Sim/Content/placement_system/blueprint_examples/bp_examle_2_child.uexp" 473
"C:/Users/Fleddie/Documents/Unreal Projects/Haunting-Sim-Collab/Haunting_Sim/Content/placement_system/blueprint_examples/bp_examle_1_child.uasset" 474
"C:/Users/Fleddie/Documents/Unreal Projects/Haunting-Sim-Collab/Haunting_Sim/Content/placement_system/blueprint_examples/bp_examle_1_child.uexp" 475
"C:/Users/Fleddie/Documents/Unreal Projects/Haunting-Sim-Collab/Haunting_Sim/Content/placement_system/bpc_placement_system.uasset" 476
"C:/Users/Fleddie/Documents/Unreal Projects/Haunting-Sim-Collab/Haunting_Sim/Content/placement_system/bpc_placement_system.uexp" 477
"C:/Users/Fleddie/Documents/Unreal Projects/Haunting-Sim-Collab/Haunting_Sim/Content/Shop-and-inventory/BP_InventoryManager.uasset" 478
"C:/Users/Fleddie/Documents/Unreal Projects/Haunting-Sim-Collab/Haunting_Sim/Content/Shop-and-inventory/BP_InventoryManager.uexp" 479
"C:/Users/Fleddie/Documents/Unreal Projects/Haunting-Sim-Collab/Haunting_Sim/Content/Characters/Mannequins/Meshes/SK_Mannequin.uasset" 480
"C:/Users/Fleddie/Documents/Unreal Projects/Haunting-Sim-Collab/Haunting_Sim/Content/Characters/Mannequins/Meshes/SK_Mannequin.uexp" 481
"C:/Users/Fleddie/Documents/Unreal Projects/Haunting-Sim-Collab/Haunting_Sim/Content/Characters/Mannequins/Rigs/PA_Mannequin.uasset" 482
"C:/Users/Fleddie/Documents/Unreal Projects/Haunting-Sim-Collab/Haunting_Sim/Content/Characters/Mannequins/Rigs/PA_Mannequin.uexp" 483
"C:/Users/Fleddie/Documents/Unreal Projects/Haunting-Sim-Collab/Haunting_Sim/Content/Characters/Mannequins/Textures/Manny/T_Manny_01_MRA.ubulk" 484
"C:/Users/Fleddie/Documents/Unreal Projects/Haunting-Sim-Collab/Haunting_Sim/Content/Characters/Mannequins/Textures/Manny/T_Manny_01_MRA.uasset" 485
"C:/Users/Fleddie/Documents/Unreal Projects/Haunting-Sim-Collab/Haunting_Sim/Content/Characters/Mannequins/Textures/Manny/T_Manny_01_MRA.uexp" 486
"C:/Users/Fleddie/Documents/Unreal Projects/Haunting-Sim-Collab/Haunting_Sim/Content/Characters/Mannequins/Textures/Manny/T_Manny_01_D.ubulk" 487
"C:/Users/Fleddie/Documents/Unreal Projects/Haunting-Sim-Collab/Haunting_Sim/Content/Characters/Mannequins/Textures/Manny/T_Manny_01_D.uasset" 488
"C:/Users/Fleddie/Documents/Unreal Projects/Haunting-Sim-Collab/Haunting_Sim/Content/Characters/Mannequins/Textures/Manny/T_Manny_01_D.uexp" 489
"C:/Users/Fleddie/Documents/Unreal Projects/Haunting-Sim-Collab/Haunting_Sim/Content/Characters/Mannequins/Textures/Manny/T_Manny_01_BN.ubulk" 490
"C:/Users/Fleddie/Documents/Unreal Projects/Haunting-Sim-Collab/Haunting_Sim/Content/Characters/Mannequins/Textures/Manny/T_Manny_01_BN.uasset" 491
"C:/Users/Fleddie/Documents/Unreal Projects/Haunting-Sim-Collab/Haunting_Sim/Content/Characters/Mannequins/Textures/Manny/T_Manny_01_BN.uexp" 492
"C:/Users/Fleddie/Documents/Unreal Projects/Haunting-Sim-Collab/Haunting_Sim/Content/Characters/Mannequins/Textures/Shared/T_UE_Logo_M.uasset" 493
"C:/Users/Fleddie/Documents/Unreal Projects/Haunting-Sim-Collab/Haunting_Sim/Content/Characters/Mannequins/Textures/Shared/T_UE_Logo_M.uexp" 494
"C:/Users/Fleddie/Documents/Unreal Projects/Haunting-Sim-Collab/Haunting_Sim/Content/Characters/Mannequins/Materials/M_Mannequin.uasset" 495
"C:/Users/Fleddie/Documents/Unreal Projects/Haunting-Sim-Collab/Haunting_Sim/Content/Characters/Mannequins/Materials/M_Mannequin.uexp" 496
"C:/Users/Fleddie/Documents/Unreal Projects/Haunting-Sim-Collab/Haunting_Sim/Content/Characters/Mannequins/Materials/Manny/MI_Manny_01_New.uasset" 497
"C:/Users/Fleddie/Documents/Unreal Projects/Haunting-Sim-Collab/Haunting_Sim/Content/Characters/Mannequins/Materials/Manny/MI_Manny_01_New.uexp" 498
"C:/Users/Fleddie/Documents/Unreal Projects/Haunting-Sim-Collab/Haunting_Sim/Content/Characters/Mannequins/Textures/Manny/T_Manny_02_MRA.ubulk" 499
"C:/Users/Fleddie/Documents/Unreal Projects/Haunting-Sim-Collab/Haunting_Sim/Content/Characters/Mannequins/Textures/Manny/T_Manny_02_MRA.uasset" 500
"C:/Users/Fleddie/Documents/Unreal Projects/Haunting-Sim-Collab/Haunting_Sim/Content/Characters/Mannequins/Textures/Manny/T_Manny_02_MRA.uexp" 501
"C:/Users/Fleddie/Documents/Unreal Projects/Haunting-Sim-Collab/Haunting_Sim/Content/Characters/Mannequins/Textures/Manny/T_Manny_02_D.ubulk" 502
"C:/Users/Fleddie/Documents/Unreal Projects/Haunting-Sim-Collab/Haunting_Sim/Content/Characters/Mannequins/Textures/Manny/T_Manny_02_D.uasset" 503
"C:/Users/Fleddie/Documents/Unreal Projects/Haunting-Sim-Collab/Haunting_Sim/Content/Characters/Mannequins/Textures/Manny/T_Manny_02_D.uexp" 504
"C:/Users/Fleddie/Documents/Unreal Projects/Haunting-Sim-Collab/Haunting_Sim/Content/Characters/Mannequins/Textures/Manny/T_Manny_02_BN.ubulk" 505
"C:/Users/Fleddie/Documents/Unreal Projects/Haunting-Sim-Collab/Haunting_Sim/Content/Characters/Mannequins/Textures/Manny/T_Manny_02_BN.uasset" 506
"C:/Users/Fleddie/Documents/Unreal Projects/Haunting-Sim-Collab/Haunting_Sim/Content/Characters/Mannequins/Textures/Manny/T_Manny_02_BN.uexp" 507
"C:/Users/Fleddie/Documents/Unreal Projects/Haunting-Sim-Collab/Haunting_Sim/Content/Characters/Mannequins/Materials/Manny/MI_Manny_02_New.uasset" 508
"C:/Users/Fleddie/Documents/Unreal Projects/Haunting-Sim-Collab/Haunting_Sim/Content/Characters/Mannequins/Materials/Manny/MI_Manny_02_New.uexp" 509
"C:/Users/Fleddie/Documents/Unreal Projects/Haunting-Sim-Collab/Haunting_Sim/Content/Characters/Mannequins/Meshes/SKM_Manny_Simple.uasset" 510
"C:/Users/Fleddie/Documents/Unreal Projects/Haunting-Sim-Collab/Haunting_Sim/Content/Characters/Mannequins/Meshes/SKM_Manny_Simple.uexp" 511
"../../../Engine/Plugins/Animation/ControlRig/Content/Controls/DefaultGizmoLibraryNormalized.uasset" 512
"../../../Engine/Plugins/Animation/ControlRig/Content/Controls/DefaultGizmoLibraryNormalized.uexp" 513
"C:/Users/Fleddie/Documents/Unreal Projects/Haunting-Sim-Collab/Haunting_Sim/Content/FirstPerson/Anims/CtrlRig_FPWarp.uasset" 514
"C:/Users/Fleddie/Documents/Unreal Projects/Haunting-Sim-Collab/Haunting_Sim/Content/FirstPerson/Anims/CtrlRig_FPWarp.uexp" 515
"C:/Users/Fleddie/Documents/Unreal Projects/Haunting-Sim-Collab/Haunting_Sim/Content/FirstPerson/Anims/ABP_FP_Copy.uasset" 516
"C:/Users/Fleddie/Documents/Unreal Projects/Haunting-Sim-Collab/Haunting_Sim/Content/FirstPerson/Anims/ABP_FP_Copy.uexp" 517
"C:/Users/Fleddie/Documents/Unreal Projects/Haunting-Sim-Collab/Haunting_Sim/Content/Characters/Mannequins/Rigs/CR_Mannequin_FootIK.uasset" 518
"C:/Users/Fleddie/Documents/Unreal Projects/Haunting-Sim-Collab/Haunting_Sim/Content/Characters/Mannequins/Rigs/CR_Mannequin_FootIK.uexp" 519
"../../../Engine/Content/Animation/DefaultVariableFrameStrippingSettings.uasset" 520
"../../../Engine/Content/Animation/DefaultVariableFrameStrippingSettings.uexp" 521
"../../../Engine/Content/Animation/DefaultAnimCurveCompressionSettings.uasset" 522
"../../../Engine/Content/Animation/DefaultAnimCurveCompressionSettings.uexp" 523
"../../../Engine/Content/Animation/DefaultAnimBoneCompressionSettings.uasset" 524
"../../../Engine/Content/Animation/DefaultAnimBoneCompressionSettings.uexp" 525
"C:/Users/Fleddie/Documents/Unreal Projects/Haunting-Sim-Collab/Haunting_Sim/Content/Characters/Mannequins/Anims/Unarmed/MM_Idle.uasset" 526
"C:/Users/Fleddie/Documents/Unreal Projects/Haunting-Sim-Collab/Haunting_Sim/Content/Characters/Mannequins/Anims/Unarmed/MM_Idle.uexp" 527
"C:/Users/Fleddie/Documents/Unreal Projects/Haunting-Sim-Collab/Haunting_Sim/Content/Characters/Mannequins/Anims/Unarmed/Jog/MF_Unarmed_Jog_Bwd.uasset" 528
"C:/Users/Fleddie/Documents/Unreal Projects/Haunting-Sim-Collab/Haunting_Sim/Content/Characters/Mannequins/Anims/Unarmed/Jog/MF_Unarmed_Jog_Bwd.uexp" 529
"../../../Engine/Plugins/Animation/ACLPlugin/Content/ACLAnimCurveCompressionSettings.uasset" 530
"../../../Engine/Plugins/Animation/ACLPlugin/Content/ACLAnimCurveCompressionSettings.uexp" 531
"../../../Engine/Content/Animation/DefaultRecorderBoneCompression.uasset" 532
"../../../Engine/Content/Animation/DefaultRecorderBoneCompression.uexp" 533
"C:/Users/Fleddie/Documents/Unreal Projects/Haunting-Sim-Collab/Haunting_Sim/Content/Characters/Mannequins/Anims/Unarmed/Jog/MF_Unarmed_Jog_Bwd_Left.uasset" 534
"C:/Users/Fleddie/Documents/Unreal Projects/Haunting-Sim-Collab/Haunting_Sim/Content/Characters/Mannequins/Anims/Unarmed/Jog/MF_Unarmed_Jog_Bwd_Left.uexp" 535
"C:/Users/Fleddie/Documents/Unreal Projects/Haunting-Sim-Collab/Haunting_Sim/Content/Characters/Mannequins/Anims/Unarmed/Jog/MF_Unarmed_Jog_Bwd_Right.uasset" 536
"C:/Users/Fleddie/Documents/Unreal Projects/Haunting-Sim-Collab/Haunting_Sim/Content/Characters/Mannequins/Anims/Unarmed/Jog/MF_Unarmed_Jog_Bwd_Right.uexp" 537
"C:/Users/Fleddie/Documents/Unreal Projects/Haunting-Sim-Collab/Haunting_Sim/Content/Characters/Mannequins/Anims/Unarmed/Jog/MF_Unarmed_Jog_Fwd.uasset" 538
"C:/Users/Fleddie/Documents/Unreal Projects/Haunting-Sim-Collab/Haunting_Sim/Content/Characters/Mannequins/Anims/Unarmed/Jog/MF_Unarmed_Jog_Fwd.uexp" 539
"C:/Users/Fleddie/Documents/Unreal Projects/Haunting-Sim-Collab/Haunting_Sim/Content/Characters/Mannequins/Anims/Unarmed/Jog/MF_Unarmed_Jog_Fwd_Left.uasset" 540
"C:/Users/Fleddie/Documents/Unreal Projects/Haunting-Sim-Collab/Haunting_Sim/Content/Characters/Mannequins/Anims/Unarmed/Jog/MF_Unarmed_Jog_Fwd_Left.uexp" 541
"C:/Users/Fleddie/Documents/Unreal Projects/Haunting-Sim-Collab/Haunting_Sim/Content/Characters/Mannequins/Anims/Unarmed/Jog/MF_Unarmed_Jog_Fwd_Right.uasset" 542
"C:/Users/Fleddie/Documents/Unreal Projects/Haunting-Sim-Collab/Haunting_Sim/Content/Characters/Mannequins/Anims/Unarmed/Jog/MF_Unarmed_Jog_Fwd_Right.uexp" 543
"C:/Users/Fleddie/Documents/Unreal Projects/Haunting-Sim-Collab/Haunting_Sim/Content/Characters/Mannequins/Anims/Unarmed/Jog/MF_Unarmed_Jog_Left.uasset" 544
"C:/Users/Fleddie/Documents/Unreal Projects/Haunting-Sim-Collab/Haunting_Sim/Content/Characters/Mannequins/Anims/Unarmed/Jog/MF_Unarmed_Jog_Left.uexp" 545
"C:/Users/Fleddie/Documents/Unreal Projects/Haunting-Sim-Collab/Haunting_Sim/Content/Characters/Mannequins/Anims/Unarmed/Jog/MF_Unarmed_Jog_Right.uasset" 546
"C:/Users/Fleddie/Documents/Unreal Projects/Haunting-Sim-Collab/Haunting_Sim/Content/Characters/Mannequins/Anims/Unarmed/Jog/MF_Unarmed_Jog_Right.uexp" 547
"C:/Users/Fleddie/Documents/Unreal Projects/Haunting-Sim-Collab/Haunting_Sim/Content/Characters/Mannequins/Anims/Unarmed/Walk/MF_Unarmed_Walk_Bwd.uasset" 548
"C:/Users/Fleddie/Documents/Unreal Projects/Haunting-Sim-Collab/Haunting_Sim/Content/Characters/Mannequins/Anims/Unarmed/Walk/MF_Unarmed_Walk_Bwd.uexp" 549
"C:/Users/Fleddie/Documents/Unreal Projects/Haunting-Sim-Collab/Haunting_Sim/Content/Characters/Mannequins/Anims/Unarmed/Walk/MF_Unarmed_Walk_Bwd_Left.uasset" 550
"C:/Users/Fleddie/Documents/Unreal Projects/Haunting-Sim-Collab/Haunting_Sim/Content/Characters/Mannequins/Anims/Unarmed/Walk/MF_Unarmed_Walk_Bwd_Left.uexp" 551
"C:/Users/Fleddie/Documents/Unreal Projects/Haunting-Sim-Collab/Haunting_Sim/Content/Characters/Mannequins/Anims/Unarmed/Walk/MF_Unarmed_Walk_Bwd_Right.uasset" 552
"C:/Users/Fleddie/Documents/Unreal Projects/Haunting-Sim-Collab/Haunting_Sim/Content/Characters/Mannequins/Anims/Unarmed/Walk/MF_Unarmed_Walk_Bwd_Right.uexp" 553
"C:/Users/Fleddie/Documents/Unreal Projects/Haunting-Sim-Collab/Haunting_Sim/Content/Characters/Mannequins/Anims/Unarmed/Walk/MF_Unarmed_Walk_Fwd.uasset" 554
"C:/Users/Fleddie/Documents/Unreal Projects/Haunting-Sim-Collab/Haunting_Sim/Content/Characters/Mannequins/Anims/Unarmed/Walk/MF_Unarmed_Walk_Fwd.uexp" 555
"C:/Users/Fleddie/Documents/Unreal Projects/Haunting-Sim-Collab/Haunting_Sim/Content/Characters/Mannequins/Anims/Unarmed/Walk/MF_Unarmed_Walk_Fwd_Left.uasset" 556
"C:/Users/Fleddie/Documents/Unreal Projects/Haunting-Sim-Collab/Haunting_Sim/Content/Characters/Mannequins/Anims/Unarmed/Walk/MF_Unarmed_Walk_Fwd_Left.uexp" 557
"C:/Users/Fleddie/Documents/Unreal Projects/Haunting-Sim-Collab/Haunting_Sim/Content/Characters/Mannequins/Anims/Unarmed/Walk/MF_Unarmed_Walk_Fwd_Right.uasset" 558
"C:/Users/Fleddie/Documents/Unreal Projects/Haunting-Sim-Collab/Haunting_Sim/Content/Characters/Mannequins/Anims/Unarmed/Walk/MF_Unarmed_Walk_Fwd_Right.uexp" 559
"C:/Users/Fleddie/Documents/Unreal Projects/Haunting-Sim-Collab/Haunting_Sim/Content/Characters/Mannequins/Anims/Unarmed/Walk/MF_Unarmed_Walk_Left.uasset" 560
"C:/Users/Fleddie/Documents/Unreal Projects/Haunting-Sim-Collab/Haunting_Sim/Content/Characters/Mannequins/Anims/Unarmed/Walk/MF_Unarmed_Walk_Left.uexp" 561
"C:/Users/Fleddie/Documents/Unreal Projects/Haunting-Sim-Collab/Haunting_Sim/Content/Characters/Mannequins/Anims/Unarmed/Walk/MF_Unarmed_Walk_Right.uasset" 562
"C:/Users/Fleddie/Documents/Unreal Projects/Haunting-Sim-Collab/Haunting_Sim/Content/Characters/Mannequins/Anims/Unarmed/Walk/MF_Unarmed_Walk_Right.uexp" 563
"C:/Users/Fleddie/Documents/Unreal Projects/Haunting-Sim-Collab/Haunting_Sim/Content/Characters/Mannequins/Anims/Unarmed/BS_Idle_Walk_Run.uasset" 564
"C:/Users/Fleddie/Documents/Unreal Projects/Haunting-Sim-Collab/Haunting_Sim/Content/Characters/Mannequins/Anims/Unarmed/BS_Idle_Walk_Run.uexp" 565
"C:/Users/Fleddie/Documents/Unreal Projects/Haunting-Sim-Collab/Haunting_Sim/Content/Characters/Mannequins/Anims/Unarmed/Jump/MM_Fall_Loop.uasset" 566
"C:/Users/Fleddie/Documents/Unreal Projects/Haunting-Sim-Collab/Haunting_Sim/Content/Characters/Mannequins/Anims/Unarmed/Jump/MM_Fall_Loop.uexp" 567
"C:/Users/Fleddie/Documents/Unreal Projects/Haunting-Sim-Collab/Haunting_Sim/Content/Characters/Mannequins/Anims/Unarmed/Jump/MM_Jump.uasset" 568
"C:/Users/Fleddie/Documents/Unreal Projects/Haunting-Sim-Collab/Haunting_Sim/Content/Characters/Mannequins/Anims/Unarmed/Jump/MM_Jump.uexp" 569
"C:/Users/Fleddie/Documents/Unreal Projects/Haunting-Sim-Collab/Haunting_Sim/Content/Characters/Mannequins/Anims/Unarmed/Jump/MM_Land.uasset" 570
"C:/Users/Fleddie/Documents/Unreal Projects/Haunting-Sim-Collab/Haunting_Sim/Content/Characters/Mannequins/Anims/Unarmed/Jump/MM_Land.uexp" 571
"C:/Users/Fleddie/Documents/Unreal Projects/Haunting-Sim-Collab/Haunting_Sim/Content/Characters/Mannequins/Anims/Unarmed/ABP_Unarmed.uasset" 572
"C:/Users/Fleddie/Documents/Unreal Projects/Haunting-Sim-Collab/Haunting_Sim/Content/Characters/Mannequins/Anims/Unarmed/ABP_Unarmed.uexp" 573
"C:/Users/Fleddie/Documents/Unreal Projects/Haunting-Sim-Collab/Haunting_Sim/Content/FirstPerson/Blueprints/BP_FirstPersonCharacter.uasset" 574
"C:/Users/Fleddie/Documents/Unreal Projects/Haunting-Sim-Collab/Haunting_Sim/Content/FirstPerson/Blueprints/BP_FirstPersonCharacter.uexp" 575
"C:/Users/Fleddie/Documents/Unreal Projects/Haunting-Sim-Collab/Haunting_Sim/Content/Abilities/SpookyGhost.uasset" 576
"C:/Users/Fleddie/Documents/Unreal Projects/Haunting-Sim-Collab/Haunting_Sim/Content/Abilities/SpookyGhost.uexp" 577
"C:/Users/Fleddie/Documents/Unreal Projects/Haunting-Sim-Collab/Haunting_Sim/Content/Abilities/WBP_GhostReveal.uasset" 578
"C:/Users/Fleddie/Documents/Unreal Projects/Haunting-Sim-Collab/Haunting_Sim/Content/Abilities/WBP_GhostReveal.uexp" 579
"C:/Users/Fleddie/Documents/Unreal Projects/Haunting-Sim-Collab/Haunting_Sim/Content/AI/STT_SavePayload.uasset" 580
"C:/Users/Fleddie/Documents/Unreal Projects/Haunting-Sim-Collab/Haunting_Sim/Content/AI/STT_SavePayload.uexp" 581
"C:/Users/Fleddie/Documents/Unreal Projects/Haunting-Sim-Collab/Haunting_Sim/Content/AI/STT_InvestigateSound.uasset" 582
"C:/Users/Fleddie/Documents/Unreal Projects/Haunting-Sim-Collab/Haunting_Sim/Content/AI/STT_InvestigateSound.uexp" 583
"C:/Users/Fleddie/Documents/Unreal Projects/Haunting-Sim-Collab/Haunting_Sim/Content/AI/F_NoiseData.uasset" 584
"C:/Users/Fleddie/Documents/Unreal Projects/Haunting-Sim-Collab/Haunting_Sim/Content/AI/F_NoiseData.uexp" 585
"C:/Users/Fleddie/Documents/Unreal Projects/Haunting-Sim-Collab/Haunting_Sim/Content/AI/STT_PickAndUseRandomSmartObject.uasset" 586
"C:/Users/Fleddie/Documents/Unreal Projects/Haunting-Sim-Collab/Haunting_Sim/Content/AI/STT_PickAndUseRandomSmartObject.uexp" 587
"C:/Users/Fleddie/Documents/Unreal Projects/Haunting-Sim-Collab/Haunting_Sim/Content/AI/STT_UseSpecificSmartObject.uasset" 588
"C:/Users/Fleddie/Documents/Unreal Projects/Haunting-Sim-Collab/Haunting_Sim/Content/AI/STT_UseSpecificSmartObject.uexp" 589
"C:/Users/Fleddie/Documents/Unreal Projects/Haunting-Sim-Collab/Haunting_Sim/Content/AI/ST_Family.uasset" 590
"C:/Users/Fleddie/Documents/Unreal Projects/Haunting-Sim-Collab/Haunting_Sim/Content/AI/ST_Family.uexp" 591
"C:/Users/Fleddie/Documents/Unreal Projects/Haunting-Sim-Collab/Haunting_Sim/Content/AI/AIC_NPC.uasset" 592
"C:/Users/Fleddie/Documents/Unreal Projects/Haunting-Sim-Collab/Haunting_Sim/Content/AI/AIC_NPC.uexp" 593
"C:/Users/Fleddie/Documents/Unreal Projects/Haunting-Sim-Collab/Haunting_Sim/Content/Characters/Mannequins/Textures/Quinn/T_Quinn_01_N.ubulk" 594
"C:/Users/Fleddie/Documents/Unreal Projects/Haunting-Sim-Collab/Haunting_Sim/Content/Characters/Mannequins/Textures/Quinn/T_Quinn_01_N.uasset" 595
"C:/Users/Fleddie/Documents/Unreal Projects/Haunting-Sim-Collab/Haunting_Sim/Content/Characters/Mannequins/Textures/Quinn/T_Quinn_01_N.uexp" 596
"C:/Users/Fleddie/Documents/Unreal Projects/Haunting-Sim-Collab/Haunting_Sim/Content/Characters/Mannequins/Textures/Quinn/T_Quinn_01_MRA.ubulk" 597
"C:/Users/Fleddie/Documents/Unreal Projects/Haunting-Sim-Collab/Haunting_Sim/Content/Characters/Mannequins/Textures/Quinn/T_Quinn_01_MRA.uasset" 598
"C:/Users/Fleddie/Documents/Unreal Projects/Haunting-Sim-Collab/Haunting_Sim/Content/Characters/Mannequins/Textures/Quinn/T_Quinn_01_MRA.uexp" 599
"C:/Users/Fleddie/Documents/Unreal Projects/Haunting-Sim-Collab/Haunting_Sim/Content/Characters/Mannequins/Textures/Quinn/T_Quinn_01_D.ubulk" 600
"C:/Users/Fleddie/Documents/Unreal Projects/Haunting-Sim-Collab/Haunting_Sim/Content/Characters/Mannequins/Textures/Quinn/T_Quinn_01_D.uasset" 601
"C:/Users/Fleddie/Documents/Unreal Projects/Haunting-Sim-Collab/Haunting_Sim/Content/Characters/Mannequins/Textures/Quinn/T_Quinn_01_D.uexp" 602
"C:/Users/Fleddie/Documents/Unreal Projects/Haunting-Sim-Collab/Haunting_Sim/Content/Characters/Mannequins/Materials/Quinn/MI_Quinn_01.uasset" 603
"C:/Users/Fleddie/Documents/Unreal Projects/Haunting-Sim-Collab/Haunting_Sim/Content/Characters/Mannequins/Materials/Quinn/MI_Quinn_01.uexp" 604
"C:/Users/Fleddie/Documents/Unreal Projects/Haunting-Sim-Collab/Haunting_Sim/Content/Characters/Mannequins/Textures/Quinn/T_Quinn_02_N.ubulk" 605
"C:/Users/Fleddie/Documents/Unreal Projects/Haunting-Sim-Collab/Haunting_Sim/Content/Characters/Mannequins/Textures/Quinn/T_Quinn_02_N.uasset" 606
"C:/Users/Fleddie/Documents/Unreal Projects/Haunting-Sim-Collab/Haunting_Sim/Content/Characters/Mannequins/Textures/Quinn/T_Quinn_02_N.uexp" 607
"C:/Users/Fleddie/Documents/Unreal Projects/Haunting-Sim-Collab/Haunting_Sim/Content/Characters/Mannequins/Textures/Quinn/T_Quinn_02_MRA.ubulk" 608
"C:/Users/Fleddie/Documents/Unreal Projects/Haunting-Sim-Collab/Haunting_Sim/Content/Characters/Mannequins/Textures/Quinn/T_Quinn_02_MRA.uasset" 609
"C:/Users/Fleddie/Documents/Unreal Projects/Haunting-Sim-Collab/Haunting_Sim/Content/Characters/Mannequins/Textures/Quinn/T_Quinn_02_MRA.uexp" 610
"C:/Users/Fleddie/Documents/Unreal Projects/Haunting-Sim-Collab/Haunting_Sim/Content/Characters/Mannequins/Textures/Quinn/T_Quinn_02_D.ubulk" 611
"C:/Users/Fleddie/Documents/Unreal Projects/Haunting-Sim-Collab/Haunting_Sim/Content/Characters/Mannequins/Textures/Quinn/T_Quinn_02_D.uasset" 612
"C:/Users/Fleddie/Documents/Unreal Projects/Haunting-Sim-Collab/Haunting_Sim/Content/Characters/Mannequins/Textures/Quinn/T_Quinn_02_D.uexp" 613
"C:/Users/Fleddie/Documents/Unreal Projects/Haunting-Sim-Collab/Haunting_Sim/Content/Characters/Mannequins/Materials/Quinn/MI_Quinn_02.uasset" 614
"C:/Users/Fleddie/Documents/Unreal Projects/Haunting-Sim-Collab/Haunting_Sim/Content/Characters/Mannequins/Materials/Quinn/MI_Quinn_02.uexp" 615
"C:/Users/Fleddie/Documents/Unreal Projects/Haunting-Sim-Collab/Haunting_Sim/Content/Characters/Mannequins/Meshes/SKM_Quinn_Simple.uasset" 616
"C:/Users/Fleddie/Documents/Unreal Projects/Haunting-Sim-Collab/Haunting_Sim/Content/Characters/Mannequins/Meshes/SKM_Quinn_Simple.uexp" 617
"C:/Users/Fleddie/Documents/Unreal Projects/Haunting-Sim-Collab/Haunting_Sim/Content/AI/BP_NPC.uasset" 618
"C:/Users/Fleddie/Documents/Unreal Projects/Haunting-Sim-Collab/Haunting_Sim/Content/AI/BP_NPC.uexp" 619
"C:/Users/Fleddie/Documents/Unreal Projects/Haunting-Sim-Collab/Haunting_Sim/Content/Abilities/BP_AbilityTrapMaster.uasset" 620
"C:/Users/Fleddie/Documents/Unreal Projects/Haunting-Sim-Collab/Haunting_Sim/Content/Abilities/BP_AbilityTrapMaster.uexp" 621
"C:/Users/Fleddie/Documents/Unreal Projects/Haunting-Sim-Collab/Haunting_Sim/Content/Abilities/BP_RevealAbliity.uasset" 622
"C:/Users/Fleddie/Documents/Unreal Projects/Haunting-Sim-Collab/Haunting_Sim/Content/Abilities/BP_RevealAbliity.uexp" 623
"C:/Users/Fleddie/Documents/Unreal Projects/Haunting-Sim-Collab/Haunting_Sim/Content/Abilities/Whisper-I_mHere.ubulk" 624
"C:/Users/Fleddie/Documents/Unreal Projects/Haunting-Sim-Collab/Haunting_Sim/Content/Abilities/Whisper-I_mHere.uasset" 625
"C:/Users/Fleddie/Documents/Unreal Projects/Haunting-Sim-Collab/Haunting_Sim/Content/Abilities/Whisper-I_mHere.uexp" 626
"C:/Users/Fleddie/Documents/Unreal Projects/Haunting-Sim-Collab/Haunting_Sim/Content/Abilities/BP_WhisperAbility.uasset" 627
"C:/Users/Fleddie/Documents/Unreal Projects/Haunting-Sim-Collab/Haunting_Sim/Content/Abilities/BP_WhisperAbility.uexp" 628
"C:/Users/Fleddie/Documents/Unreal Projects/Haunting-Sim-Collab/Haunting_Sim/Content/DataTables/DT_TrapBackup.uasset" 629
"C:/Users/Fleddie/Documents/Unreal Projects/Haunting-Sim-Collab/Haunting_Sim/Content/DataTables/DT_TrapBackup.uexp" 630
"../../../Engine/Content/EngineSounds/Master.uasset" 631
"../../../Engine/Content/EngineSounds/Master.uexp" 632
"../../../Engine/Content/VREditor/Sounds/UI/Click_on_Button.ubulk" 633
"../../../Engine/Content/VREditor/Sounds/UI/Click_on_Button.uasset" 634
"../../../Engine/Content/VREditor/Sounds/UI/Click_on_Button.uexp" 635
"C:/Users/Fleddie/Documents/Unreal Projects/Haunting-Sim-Collab/Haunting_Sim/Content/Audio/SA_Settings.uasset" 636
"C:/Users/Fleddie/Documents/Unreal Projects/Haunting-Sim-Collab/Haunting_Sim/Content/Audio/SA_Settings.uexp" 637
"C:/Users/Fleddie/Documents/Unreal Projects/Haunting-Sim-Collab/Haunting_Sim/Content/Audio/SC_Drop.uasset" 638
"C:/Users/Fleddie/Documents/Unreal Projects/Haunting-Sim-Collab/Haunting_Sim/Content/Audio/SC_Drop.uexp" 639
"C:/Users/Fleddie/Documents/Unreal Projects/Haunting-Sim-Collab/Haunting_Sim/Content/DataTables/BPI_TrapNotify.uasset" 640
"C:/Users/Fleddie/Documents/Unreal Projects/Haunting-Sim-Collab/Haunting_Sim/Content/DataTables/BPI_TrapNotify.uexp" 641
"C:/Users/Fleddie/Documents/Unreal Projects/Haunting-Sim-Collab/Haunting_Sim/Content/PlaceHolderTrap/BP_BaseTrap.uasset" 642
"C:/Users/Fleddie/Documents/Unreal Projects/Haunting-Sim-Collab/Haunting_Sim/Content/PlaceHolderTrap/BP_BaseTrap.uexp" 643
"C:/Users/Fleddie/Documents/Unreal Projects/Haunting-Sim-Collab/Haunting_Sim/Content/PlaceHolderTimer/BP-TimerTest.uasset" 644
"C:/Users/Fleddie/Documents/Unreal Projects/Haunting-Sim-Collab/Haunting_Sim/Content/PlaceHolderTimer/BP-TimerTest.uexp" 645
"C:/Users/Fleddie/Documents/Unreal Projects/Haunting-Sim-Collab/Haunting_Sim/Content/LevelPrototyping/Materials/M_FlatCol.uasset" 646
"C:/Users/Fleddie/Documents/Unreal Projects/Haunting-Sim-Collab/Haunting_Sim/Content/LevelPrototyping/Materials/M_FlatCol.uexp" 647
"C:/Users/Fleddie/Documents/Unreal Projects/Haunting-Sim-Collab/Haunting_Sim/Content/LevelPrototyping/Materials/MI_DefaultColorway.uasset" 648
"C:/Users/Fleddie/Documents/Unreal Projects/Haunting-Sim-Collab/Haunting_Sim/Content/LevelPrototyping/Materials/MI_DefaultColorway.uexp" 649
"C:/Users/Fleddie/Documents/Unreal Projects/Haunting-Sim-Collab/Haunting_Sim/Content/FirstPerson/MI_FirstPersonColorway.uasset" 650
"C:/Users/Fleddie/Documents/Unreal Projects/Haunting-Sim-Collab/Haunting_Sim/Content/FirstPerson/MI_FirstPersonColorway.uexp" 651
"../../../Engine/Plugins/VirtualProduction/CameraCalibrationCore/Content/Materials/M_DefaultOddSquare.uasset" 652
"../../../Engine/Plugins/VirtualProduction/CameraCalibrationCore/Content/Materials/M_DefaultOddSquare.uexp" 653
"../../../Engine/Plugins/VirtualProduction/CameraCalibrationCore/Content/Materials/M_DefaultEvenSquare.uasset" 654
"../../../Engine/Plugins/VirtualProduction/CameraCalibrationCore/Content/Materials/M_DefaultEvenSquare.uexp" 655
"../../../Engine/Plugins/Runtime/HairStrands/Content/Materials/HairMeshesDefaultMaterial.uasset" 656
"../../../Engine/Plugins/Runtime/HairStrands/Content/Materials/HairMeshesDefaultMaterial.uexp" 657
"../../../Engine/Plugins/Runtime/HairStrands/Content/Materials/HairDefaultMaterial.uasset" 658
"../../../Engine/Plugins/Runtime/HairStrands/Content/Materials/HairDefaultMaterial.uexp" 659
"../../../Engine/Content/Functions/Engine_MaterialFunctions02/Utility/MakeFloat2.uasset" 660
"../../../Engine/Content/Functions/Engine_MaterialFunctions02/Utility/MakeFloat2.uexp" 661
"../../../Engine/Content/EngineMaterials/HairDebugColor.uasset" 662
"../../../Engine/Content/EngineMaterials/HairDebugColor.uexp" 663
"../../../Engine/Content/EngineMaterials/HairColorMap.uasset" 664
"../../../Engine/Content/EngineMaterials/HairColorMap.uexp" 665
"../../../Engine/Plugins/Runtime/HairStrands/Content/Materials/HairGroupColors.uasset" 666
"../../../Engine/Plugins/Runtime/HairStrands/Content/Materials/HairGroupColors.uexp" 667
"../../../Engine/Plugins/Runtime/HairStrands/Content/Materials/HairDebugMaterial.uasset" 668
"../../../Engine/Plugins/Runtime/HairStrands/Content/Materials/HairDebugMaterial.uexp" 669
"../../../Engine/Plugins/Runtime/HairStrands/Content/Materials/HairCardsDefaultMaterial.uasset" 670
"../../../Engine/Plugins/Runtime/HairStrands/Content/Materials/HairCardsDefaultMaterial.uexp" 671
"../../../Engine/Plugins/Runtime/AudioWidgets/Content/Resources/ScrubHandleDown_Clamped.uasset" 672
"../../../Engine/Plugins/Runtime/AudioWidgets/Content/Resources/ScrubHandleDown_Clamped.uexp" 673
"../../../Engine/Plugins/Interchange/Assets/Content/Functions/MX_UsdPreviewSurface.uasset" 674
"../../../Engine/Plugins/Interchange/Assets/Content/Functions/MX_UsdPreviewSurface.uexp" 675
"../../../Engine/Plugins/Interchange/Assets/Content/Functions/MX_UniformEDF.uasset" 676
"../../../Engine/Plugins/Interchange/Assets/Content/Functions/MX_UniformEDF.uexp" 677
"../../../Engine/Plugins/Interchange/Assets/Content/Functions/MX_TranslucentBSDF.uasset" 678
"../../../Engine/Plugins/Interchange/Assets/Content/Functions/MX_TranslucentBSDF.uexp" 679
"../../../Engine/Plugins/Interchange/Assets/Content/Functions/MX_ThinFilmBSDF.uasset" 680
"../../../Engine/Plugins/Interchange/Assets/Content/Functions/MX_ThinFilmBSDF.uexp" 681
"../../../Engine/Plugins/Interchange/Assets/Content/Functions/MX_SurfaceUnlit.uasset" 682
"../../../Engine/Plugins/Interchange/Assets/Content/Functions/MX_SurfaceUnlit.uexp" 683
"../../../Engine/Plugins/Interchange/Assets/Content/Functions/MX_Surface.uasset" 684
"../../../Engine/Plugins/Interchange/Assets/Content/Functions/MX_Surface.uexp" 685
"../../../Engine/Plugins/Interchange/Assets/Content/Functions/MX_SubsurfaceBSDF.uasset" 686
"../../../Engine/Plugins/Interchange/Assets/Content/Functions/MX_SubsurfaceBSDF.uexp" 687
"../../../Engine/Plugins/Interchange/Assets/Content/Functions/MX_SheenBSDF.uasset" 688
"../../../Engine/Plugins/Interchange/Assets/Content/Functions/MX_SheenBSDF.uexp" 689
"../../../Engine/Plugins/Interchange/Assets/Content/Functions/MX_OrenNayarBSDF.uasset" 690
"../../../Engine/Plugins/Interchange/Assets/Content/Functions/MX_OrenNayarBSDF.uexp" 691
"../../../Engine/Plugins/Interchange/Assets/Content/Functions/MF_IridescenceNoLUT.uasset" 692
"../../../Engine/Plugins/Interchange/Assets/Content/Functions/MF_IridescenceNoLUT.uexp" 693
"../../../Engine/Plugins/Interchange/Assets/Content/Functions/MX_StandardSurface.uasset" 694
"../../../Engine/Plugins/Interchange/Assets/Content/Functions/MX_StandardSurface.uexp" 695
"../../../Engine/Plugins/Interchange/Assets/Content/Functions/MX_TransmissionSurface.uasset" 696
"../../../Engine/Plugins/Interchange/Assets/Content/Functions/MX_TransmissionSurface.uexp" 697
"../../../Engine/Plugins/Interchange/Assets/Content/Functions/MX_OpenPBR_Translucent.uasset" 698
"../../../Engine/Plugins/Interchange/Assets/Content/Functions/MX_OpenPBR_Translucent.uexp" 699
"../../../Engine/Plugins/Interchange/Assets/Content/Functions/MX_OpenPBR_Opaque.uasset" 700
"../../../Engine/Plugins/Interchange/Assets/Content/Functions/MX_OpenPBR_Opaque.uexp" 701
"../../../Engine/Plugins/Interchange/Assets/Content/Functions/MX_MeasuredEDF.uasset" 702
"../../../Engine/Plugins/Interchange/Assets/Content/Functions/MX_MeasuredEDF.uexp" 703
"../../../Engine/Plugins/Interchange/Assets/Content/Functions/MX_GeneralizedSchlickBSDF.uasset" 704
"../../../Engine/Plugins/Interchange/Assets/Content/Functions/MX_GeneralizedSchlickBSDF.uexp" 705
"../../../Engine/Plugins/Interchange/Assets/Content/Functions/MX_Displacement.uasset" 706
"../../../Engine/Plugins/Interchange/Assets/Content/Functions/MX_Displacement.uexp" 707
"../../../Engine/Plugins/Interchange/Assets/Content/Functions/MX_DielectricBSDF.uasset" 708
"../../../Engine/Plugins/Interchange/Assets/Content/Functions/MX_DielectricBSDF.uexp" 709
"../../../Engine/Plugins/Interchange/Assets/Content/Functions/MX_ConicalEDF.uasset" 710
"../../../Engine/Plugins/Interchange/Assets/Content/Functions/MX_ConicalEDF.uexp" 711
"../../../Engine/Plugins/Interchange/Assets/Content/Functions/MX_ConductorBSDF.uasset" 712
"../../../Engine/Plugins/Interchange/Assets/Content/Functions/MX_ConductorBSDF.uexp" 713
"../../../Engine/Plugins/Interchange/Assets/Content/Functions/MX_BurleyDiffuseBSDF.uasset" 714
"../../../Engine/Plugins/Interchange/Assets/Content/Functions/MX_BurleyDiffuseBSDF.uexp" 715
"../../../Engine/Plugins/Interchange/Assets/Content/Functions/MX_AnisotropicVDF.uasset" 716
"../../../Engine/Plugins/Interchange/Assets/Content/Functions/MX_AnisotropicVDF.uexp" 717
"../../../Engine/Plugins/Interchange/Assets/Content/Functions/MX_AbsorptionVDF.uasset" 718
"../../../Engine/Plugins/Interchange/Assets/Content/Functions/MX_AbsorptionVDF.uexp" 719
"../../../Engine/Content/Functions/Engine_MaterialFunctions02/Utility/VectorLength.uasset" 720
"../../../Engine/Content/Functions/Engine_MaterialFunctions02/Utility/VectorLength.uexp" 721
"../../../Engine/Content/Functions/Engine_MaterialFunctions02/WorldPositionOffset/ObjectScale.uasset" 722
"../../../Engine/Content/Functions/Engine_MaterialFunctions02/WorldPositionOffset/ObjectScale.uexp" 723
"../../../Engine/Content/Functions/Engine_MaterialFunctions02/SafeNormalize.uasset" 724
"../../../Engine/Content/Functions/Engine_MaterialFunctions02/SafeNormalize.uexp" 725
"../../../Engine/Plugins/Editor/SpeedTreeImporter/Content/SpeedTree9/UnpackInteger3.uasset" 726
"../../../Engine/Plugins/Editor/SpeedTreeImporter/Content/SpeedTree9/UnpackInteger3.uexp" 727
"../../../Engine/Plugins/Editor/SpeedTreeImporter/Content/SpeedTree9/UnpackDirection.uasset" 728
"../../../Engine/Plugins/Editor/SpeedTreeImporter/Content/SpeedTree9/UnpackDirection.uexp" 729
"../../../Engine/Plugins/Editor/SpeedTreeImporter/Content/SpeedTree9/game_wind_noise.ubulk" 730
"../../../Engine/Plugins/Editor/SpeedTreeImporter/Content/SpeedTree9/game_wind_noise.uasset" 731
"../../../Engine/Plugins/Editor/SpeedTreeImporter/Content/SpeedTree9/game_wind_noise.uexp" 732
"../../../Engine/Plugins/Editor/SpeedTreeImporter/Content/SpeedTree9/SpeedTreeWindMotion.uasset" 733
"../../../Engine/Plugins/Editor/SpeedTreeImporter/Content/SpeedTree9/SpeedTreeWindMotion.uexp" 734
"../../../Engine/Plugins/Editor/SpeedTreeImporter/Content/SpeedTree9/SpeedTreeBranchMotion.uasset" 735
"../../../Engine/Plugins/Editor/SpeedTreeImporter/Content/SpeedTree9/SpeedTreeBranchMotion.uexp" 736
"../../../Engine/Content/Functions/Engine_MaterialFunctions02/ObjectLocalBounds.uasset" 737
"../../../Engine/Content/Functions/Engine_MaterialFunctions02/ObjectLocalBounds.uexp" 738
"../../../Engine/Content/Functions/Engine_MaterialFunctions02/UVs/BoundingBoxBased_0-1_UVW.uasset" 739
"../../../Engine/Content/Functions/Engine_MaterialFunctions02/UVs/BoundingBoxBased_0-1_UVW.uexp" 740
"../../../Engine/Plugins/Editor/SpeedTreeImporter/Content/SpeedTree9/SpeedTreeWind.uasset" 741
"../../../Engine/Plugins/Editor/SpeedTreeImporter/Content/SpeedTree9/SpeedTreeWind.uexp" 742
"../../../Engine/Plugins/Editor/SpeedTreeImporter/Content/SpeedTree9/SpeedTreeCameraFacing.uasset" 743
"../../../Engine/Plugins/Editor/SpeedTreeImporter/Content/SpeedTree9/SpeedTreeCameraFacing.uexp" 744
"../../../Engine/Plugins/Editor/SpeedTreeImporter/Content/SpeedTree9/EmptyNormal.uasset" 745
"../../../Engine/Plugins/Editor/SpeedTreeImporter/Content/SpeedTree9/EmptyNormal.uexp" 746
"../../../Engine/Plugins/Editor/SpeedTreeImporter/Content/SpeedTree9/Empty.uasset" 747
"../../../Engine/Plugins/Editor/SpeedTreeImporter/Content/SpeedTree9/Empty.uexp" 748
"../../../Engine/Plugins/Editor/SpeedTreeImporter/Content/SpeedTree9/SpeedTreeMaster.uasset" 749
"../../../Engine/Plugins/Editor/SpeedTreeImporter/Content/SpeedTree9/SpeedTreeMaster.uexp" 750
"../../../Engine/Plugins/Editor/SpeedTreeImporter/Content/SpeedTree9/SpeedTreeBillboard.uasset" 751
"../../../Engine/Plugins/Editor/SpeedTreeImporter/Content/SpeedTree9/SpeedTreeBillboard.uexp" 752
"../../../Engine/Plugins/Editor/SpeedTreeImporter/Content/SpeedTree9/SpeedTreeBillboardMaster.uasset" 753
"../../../Engine/Plugins/Editor/SpeedTreeImporter/Content/SpeedTree9/SpeedTreeBillboardMaster.uexp" 754
"../../../Engine/Plugins/Animation/ControlRig/Content/Controls/ControlRig_Wedge_solid.ubulk" 755
"../../../Engine/Plugins/Animation/ControlRig/Content/Controls/ControlRig_Wedge_solid.uasset" 756
"../../../Engine/Plugins/Animation/ControlRig/Content/Controls/ControlRig_Wedge_solid.uexp" 757
"../../../Engine/Plugins/Animation/ControlRig/Content/Controls/ControlRig_Wedge_3mm.ubulk" 758
"../../../Engine/Plugins/Animation/ControlRig/Content/Controls/ControlRig_Wedge_3mm.uasset" 759
"../../../Engine/Plugins/Animation/ControlRig/Content/Controls/ControlRig_Wedge_3mm.uexp" 760
"../../../Engine/Plugins/Animation/ControlRig/Content/Controls/ControlRig_Wedge_1mm.ubulk" 761
"../../../Engine/Plugins/Animation/ControlRig/Content/Controls/ControlRig_Wedge_1mm.uasset" 762
"../../../Engine/Plugins/Animation/ControlRig/Content/Controls/ControlRig_Wedge_1mm.uexp" 763
"../../../Engine/Plugins/Animation/ControlRig/Content/Controls/ControlRig_Triangle_solid.ubulk" 764
"../../../Engine/Plugins/Animation/ControlRig/Content/Controls/ControlRig_Triangle_solid.uasset" 765
"../../../Engine/Plugins/Animation/ControlRig/Content/Controls/ControlRig_Triangle_solid.uexp" 766
"../../../Engine/Plugins/Animation/ControlRig/Content/Controls/ControlRig_Triangle_3mm.ubulk" 767
"../../../Engine/Plugins/Animation/ControlRig/Content/Controls/ControlRig_Triangle_3mm.uasset" 768
"../../../Engine/Plugins/Animation/ControlRig/Content/Controls/ControlRig_Triangle_3mm.uexp" 769
"../../../Engine/Plugins/Animation/ControlRig/Content/Controls/ControlRig_Triangle_1mm.ubulk" 770
"../../../Engine/Plugins/Animation/ControlRig/Content/Controls/ControlRig_Triangle_1mm.uasset" 771
"../../../Engine/Plugins/Animation/ControlRig/Content/Controls/ControlRig_Triangle_1mm.uexp" 772
"../../../Engine/Plugins/Animation/ControlRig/Content/Controls/ControlRig_Star4_solid.ubulk" 773
"../../../Engine/Plugins/Animation/ControlRig/Content/Controls/ControlRig_Star4_solid.uasset" 774
"../../../Engine/Plugins/Animation/ControlRig/Content/Controls/ControlRig_Star4_solid.uexp" 775
"../../../Engine/Plugins/Animation/ControlRig/Content/Controls/ControlRig_Star4_3mm.ubulk" 776
"../../../Engine/Plugins/Animation/ControlRig/Content/Controls/ControlRig_Star4_3mm.uasset" 777
"../../../Engine/Plugins/Animation/ControlRig/Content/Controls/ControlRig_Star4_3mm.uexp" 778
"../../../Engine/Plugins/Animation/ControlRig/Content/Controls/ControlRig_Star4_1mm.ubulk" 779
"../../../Engine/Plugins/Animation/ControlRig/Content/Controls/ControlRig_Star4_1mm.uasset" 780
"../../../Engine/Plugins/Animation/ControlRig/Content/Controls/ControlRig_Star4_1mm.uexp" 781
"../../../Engine/Plugins/Animation/ControlRig/Content/Controls/ControlRig_Square_solid.ubulk" 782
"../../../Engine/Plugins/Animation/ControlRig/Content/Controls/ControlRig_Square_solid.uasset" 783
"../../../Engine/Plugins/Animation/ControlRig/Content/Controls/ControlRig_Square_solid.uexp" 784
"../../../Engine/Plugins/Animation/ControlRig/Content/Controls/ControlRig_Square_3mm.ubulk" 785
"../../../Engine/Plugins/Animation/ControlRig/Content/Controls/ControlRig_Square_3mm.uasset" 786
"../../../Engine/Plugins/Animation/ControlRig/Content/Controls/ControlRig_Square_3mm.uexp" 787
"../../../Engine/Plugins/Animation/ControlRig/Content/Controls/ControlRig_Square_1mm.ubulk" 788
"../../../Engine/Plugins/Animation/ControlRig/Content/Controls/ControlRig_Square_1mm.uasset" 789
"../../../Engine/Plugins/Animation/ControlRig/Content/Controls/ControlRig_Square_1mm.uexp" 790
"../../../Engine/Plugins/Animation/ControlRig/Content/Controls/ControlRig_Sphere_solid.ubulk" 791
"../../../Engine/Plugins/Animation/ControlRig/Content/Controls/ControlRig_Sphere_solid.uasset" 792
"../../../Engine/Plugins/Animation/ControlRig/Content/Controls/ControlRig_Sphere_solid.uexp" 793
"../../../Engine/Plugins/Animation/ControlRig/Content/Controls/ControlRig_Sphere_3mm.ubulk" 794
"../../../Engine/Plugins/Animation/ControlRig/Content/Controls/ControlRig_Sphere_3mm.uasset" 795
"../../../Engine/Plugins/Animation/ControlRig/Content/Controls/ControlRig_Sphere_3mm.uexp" 796
"../../../Engine/Plugins/Animation/ControlRig/Content/Controls/ControlRig_Sphere_1mm.ubulk" 797
"../../../Engine/Plugins/Animation/ControlRig/Content/Controls/ControlRig_Sphere_1mm.uasset" 798
"../../../Engine/Plugins/Animation/ControlRig/Content/Controls/ControlRig_Sphere_1mm.uexp" 799
"../../../Engine/Plugins/Animation/ControlRig/Content/Controls/ControlRig_RoundedTriangle_solid.ubulk" 800
"../../../Engine/Plugins/Animation/ControlRig/Content/Controls/ControlRig_RoundedTriangle_solid.uasset" 801
"../../../Engine/Plugins/Animation/ControlRig/Content/Controls/ControlRig_RoundedTriangle_solid.uexp" 802
"../../../Engine/Plugins/Animation/ControlRig/Content/Controls/ControlRig_RoundedTriangle_3mm.ubulk" 803
"../../../Engine/Plugins/Animation/ControlRig/Content/Controls/ControlRig_RoundedTriangle_3mm.uasset" 804
"../../../Engine/Plugins/Animation/ControlRig/Content/Controls/ControlRig_RoundedTriangle_3mm.uexp" 805
"../../../Engine/Plugins/Animation/ControlRig/Content/Controls/ControlRig_RoundedTriangle_1mm.ubulk" 806
"../../../Engine/Plugins/Animation/ControlRig/Content/Controls/ControlRig_RoundedTriangle_1mm.uasset" 807
"../../../Engine/Plugins/Animation/ControlRig/Content/Controls/ControlRig_RoundedTriangle_1mm.uexp" 808
"../../../Engine/Plugins/Animation/ControlRig/Content/Controls/ControlRig_RoundedSquare_solid.ubulk" 809
"../../../Engine/Plugins/Animation/ControlRig/Content/Controls/ControlRig_RoundedSquare_solid.uasset" 810
"../../../Engine/Plugins/Animation/ControlRig/Content/Controls/ControlRig_RoundedSquare_solid.uexp" 811
"../../../Engine/Plugins/Animation/ControlRig/Content/Controls/ControlRig_RoundedSquare_3mm.ubulk" 812
"../../../Engine/Plugins/Animation/ControlRig/Content/Controls/ControlRig_RoundedSquare_3mm.uasset" 813
"../../../Engine/Plugins/Animation/ControlRig/Content/Controls/ControlRig_RoundedSquare_3mm.uexp" 814
"../../../Engine/Plugins/Animation/ControlRig/Content/Controls/ControlRig_RoundedSquare_1mm.ubulk" 815
"../../../Engine/Plugins/Animation/ControlRig/Content/Controls/ControlRig_RoundedSquare_1mm.uasset" 816
"../../../Engine/Plugins/Animation/ControlRig/Content/Controls/ControlRig_RoundedSquare_1mm.uexp" 817
"../../../Engine/Plugins/Animation/ControlRig/Content/Controls/ControlRig_QuarterCircle_solid.ubulk" 818
"../../../Engine/Plugins/Animation/ControlRig/Content/Controls/ControlRig_QuarterCircle_solid.uasset" 819
"../../../Engine/Plugins/Animation/ControlRig/Content/Controls/ControlRig_QuarterCircle_solid.uexp" 820
"../../../Engine/Plugins/Animation/ControlRig/Content/Controls/ControlRig_QuarterCircle_3mm.ubulk" 821
"../../../Engine/Plugins/Animation/ControlRig/Content/Controls/ControlRig_QuarterCircle_3mm.uasset" 822
"../../../Engine/Plugins/Animation/ControlRig/Content/Controls/ControlRig_QuarterCircle_3mm.uexp" 823
"../../../Engine/Plugins/Animation/ControlRig/Content/Controls/ControlRig_QuarterCircle_1mm.ubulk" 824
"../../../Engine/Plugins/Animation/ControlRig/Content/Controls/ControlRig_QuarterCircle_1mm.uasset" 825
"../../../Engine/Plugins/Animation/ControlRig/Content/Controls/ControlRig_QuarterCircle_1mm.uexp" 826
"../../../Engine/Plugins/Animation/ControlRig/Content/Controls/ControlRig_Pyramid_solid.ubulk" 827
"../../../Engine/Plugins/Animation/ControlRig/Content/Controls/ControlRig_Pyramid_solid.uasset" 828
"../../../Engine/Plugins/Animation/ControlRig/Content/Controls/ControlRig_Pyramid_solid.uexp" 829
"../../../Engine/Plugins/Animation/ControlRig/Content/Controls/ControlRig_Pyramid_3mm.ubulk" 830
"../../../Engine/Plugins/Animation/ControlRig/Content/Controls/ControlRig_Pyramid_3mm.uasset" 831
"../../../Engine/Plugins/Animation/ControlRig/Content/Controls/ControlRig_Pyramid_3mm.uexp" 832
"../../../Engine/Plugins/Animation/ControlRig/Content/Controls/ControlRig_Pyramid_1mm.ubulk" 833
"../../../Engine/Plugins/Animation/ControlRig/Content/Controls/ControlRig_Pyramid_1mm.uasset" 834
"../../../Engine/Plugins/Animation/ControlRig/Content/Controls/ControlRig_Pyramid_1mm.uexp" 835
"../../../Engine/Plugins/Animation/ControlRig/Content/Controls/ControlRig_Octagon_solid.ubulk" 836
"../../../Engine/Plugins/Animation/ControlRig/Content/Controls/ControlRig_Octagon_solid.uasset" 837
"../../../Engine/Plugins/Animation/ControlRig/Content/Controls/ControlRig_Octagon_solid.uexp" 838
"../../../Engine/Plugins/Animation/ControlRig/Content/Controls/ControlRig_Octagon_3mm.ubulk" 839
"../../../Engine/Plugins/Animation/ControlRig/Content/Controls/ControlRig_Octagon_3mm.uasset" 840
"../../../Engine/Plugins/Animation/ControlRig/Content/Controls/ControlRig_Octagon_3mm.uexp" 841
"../../../Engine/Plugins/Animation/ControlRig/Content/Controls/ControlRig_Octagon_1mm.ubulk" 842
"../../../Engine/Plugins/Animation/ControlRig/Content/Controls/ControlRig_Octagon_1mm.uasset" 843
"../../../Engine/Plugins/Animation/ControlRig/Content/Controls/ControlRig_Octagon_1mm.uexp" 844
"../../../Engine/Plugins/Animation/ControlRig/Content/Controls/ControlRig_Hexagon_solid.ubulk" 845
"../../../Engine/Plugins/Animation/ControlRig/Content/Controls/ControlRig_Hexagon_solid.uasset" 846
"../../../Engine/Plugins/Animation/ControlRig/Content/Controls/ControlRig_Hexagon_solid.uexp" 847
"../../../Engine/Plugins/Animation/ControlRig/Content/Controls/ControlRig_Hexagon_3mm.ubulk" 848
"../../../Engine/Plugins/Animation/ControlRig/Content/Controls/ControlRig_Hexagon_3mm.uasset" 849
"../../../Engine/Plugins/Animation/ControlRig/Content/Controls/ControlRig_Hexagon_3mm.uexp" 850
"../../../Engine/Plugins/Animation/ControlRig/Content/Controls/ControlRig_Hexagon_1mm.ubulk" 851
"../../../Engine/Plugins/Animation/ControlRig/Content/Controls/ControlRig_Hexagon_1mm.uasset" 852
"../../../Engine/Plugins/Animation/ControlRig/Content/Controls/ControlRig_Hexagon_1mm.uexp" 853
"../../../Engine/Plugins/Animation/ControlRig/Content/Controls/ControlRig_HalfCircle_solid.ubulk" 854
"../../../Engine/Plugins/Animation/ControlRig/Content/Controls/ControlRig_HalfCircle_solid.uasset" 855
"../../../Engine/Plugins/Animation/ControlRig/Content/Controls/ControlRig_HalfCircle_solid.uexp" 856
"../../../Engine/Plugins/Animation/ControlRig/Content/Controls/ControlRig_HalfCircle_3mm.ubulk" 857
"../../../Engine/Plugins/Animation/ControlRig/Content/Controls/ControlRig_HalfCircle_3mm.uasset" 858
"../../../Engine/Plugins/Animation/ControlRig/Content/Controls/ControlRig_HalfCircle_3mm.uexp" 859
"../../../Engine/Plugins/Animation/ControlRig/Content/Controls/ControlRig_HalfCircle_1mm.ubulk" 860
"../../../Engine/Plugins/Animation/ControlRig/Content/Controls/ControlRig_HalfCircle_1mm.uasset" 861
"../../../Engine/Plugins/Animation/ControlRig/Content/Controls/ControlRig_HalfCircle_1mm.uexp" 862
"../../../Engine/Plugins/Animation/ControlRig/Content/Controls/ControlRig_Diamond_solid.ubulk" 863
"../../../Engine/Plugins/Animation/ControlRig/Content/Controls/ControlRig_Diamond_solid.uasset" 864
"../../../Engine/Plugins/Animation/ControlRig/Content/Controls/ControlRig_Diamond_solid.uexp" 865
"../../../Engine/Plugins/Animation/ControlRig/Content/Controls/ControlRig_Diamond_3mm.ubulk" 866
"../../../Engine/Plugins/Animation/ControlRig/Content/Controls/ControlRig_Diamond_3mm.uasset" 867
"../../../Engine/Plugins/Animation/ControlRig/Content/Controls/ControlRig_Diamond_3mm.uexp" 868
"../../../Engine/Plugins/Animation/ControlRig/Content/Controls/ControlRig_Diamond_1mm.ubulk" 869
"../../../Engine/Plugins/Animation/ControlRig/Content/Controls/ControlRig_Diamond_1mm.uasset" 870
"../../../Engine/Plugins/Animation/ControlRig/Content/Controls/ControlRig_Diamond_1mm.uexp" 871
"../../../Engine/Plugins/Animation/ControlRig/Content/Controls/ControlRig_Circle_solid.ubulk" 872
"../../../Engine/Plugins/Animation/ControlRig/Content/Controls/ControlRig_Circle_solid.uasset" 873
"../../../Engine/Plugins/Animation/ControlRig/Content/Controls/ControlRig_Circle_solid.uexp" 874
"../../../Engine/Plugins/Animation/ControlRig/Content/Controls/ControlRig_Circle_3mm.ubulk" 875
"../../../Engine/Plugins/Animation/ControlRig/Content/Controls/ControlRig_Circle_3mm.uasset" 876
"../../../Engine/Plugins/Animation/ControlRig/Content/Controls/ControlRig_Circle_3mm.uexp" 877
"../../../Engine/Plugins/Animation/ControlRig/Content/Controls/ControlRig_Circle_1mm.ubulk" 878
"../../../Engine/Plugins/Animation/ControlRig/Content/Controls/ControlRig_Circle_1mm.uasset" 879
"../../../Engine/Plugins/Animation/ControlRig/Content/Controls/ControlRig_Circle_1mm.uexp" 880
"../../../Engine/Plugins/Animation/ControlRig/Content/Controls/ControlRig_Box_solid.ubulk" 881
"../../../Engine/Plugins/Animation/ControlRig/Content/Controls/ControlRig_Box_solid.uasset" 882
"../../../Engine/Plugins/Animation/ControlRig/Content/Controls/ControlRig_Box_solid.uexp" 883
"../../../Engine/Plugins/Animation/ControlRig/Content/Controls/ControlRig_Box_3mm.ubulk" 884
"../../../Engine/Plugins/Animation/ControlRig/Content/Controls/ControlRig_Box_3mm.uasset" 885
"../../../Engine/Plugins/Animation/ControlRig/Content/Controls/ControlRig_Box_3mm.uexp" 886
"../../../Engine/Plugins/Animation/ControlRig/Content/Controls/ControlRig_Box_1mm.ubulk" 887
"../../../Engine/Plugins/Animation/ControlRig/Content/Controls/ControlRig_Box_1mm.uasset" 888
"../../../Engine/Plugins/Animation/ControlRig/Content/Controls/ControlRig_Box_1mm.uexp" 889
"../../../Engine/Plugins/Animation/ControlRig/Content/Controls/ControlRig_Arrow_solid.ubulk" 890
"../../../Engine/Plugins/Animation/ControlRig/Content/Controls/ControlRig_Arrow_solid.uasset" 891
"../../../Engine/Plugins/Animation/ControlRig/Content/Controls/ControlRig_Arrow_solid.uexp" 892
"../../../Engine/Plugins/Animation/ControlRig/Content/Controls/ControlRig_Arrow_3mm.ubulk" 893
"../../../Engine/Plugins/Animation/ControlRig/Content/Controls/ControlRig_Arrow_3mm.uasset" 894
"../../../Engine/Plugins/Animation/ControlRig/Content/Controls/ControlRig_Arrow_3mm.uexp" 895
"../../../Engine/Plugins/Animation/ControlRig/Content/Controls/ControlRig_Arrow_1mm.ubulk" 896
"../../../Engine/Plugins/Animation/ControlRig/Content/Controls/ControlRig_Arrow_1mm.uasset" 897
"../../../Engine/Plugins/Animation/ControlRig/Content/Controls/ControlRig_Arrow_1mm.uexp" 898
"../../../Engine/Plugins/Animation/ControlRig/Content/Controls/ControlRig_Arrow4_solid.ubulk" 899
"../../../Engine/Plugins/Animation/ControlRig/Content/Controls/ControlRig_Arrow4_solid.uasset" 900
"../../../Engine/Plugins/Animation/ControlRig/Content/Controls/ControlRig_Arrow4_solid.uexp" 901
"../../../Engine/Plugins/Animation/ControlRig/Content/Controls/ControlRig_Arrow4_3mm.ubulk" 902
"../../../Engine/Plugins/Animation/ControlRig/Content/Controls/ControlRig_Arrow4_3mm.uasset" 903
"../../../Engine/Plugins/Animation/ControlRig/Content/Controls/ControlRig_Arrow4_3mm.uexp" 904
"../../../Engine/Plugins/Animation/ControlRig/Content/Controls/ControlRig_Arrow4_1mm.ubulk" 905
"../../../Engine/Plugins/Animation/ControlRig/Content/Controls/ControlRig_Arrow4_1mm.uasset" 906
"../../../Engine/Plugins/Animation/ControlRig/Content/Controls/ControlRig_Arrow4_1mm.uexp" 907
"../../../Engine/Plugins/Animation/ControlRig/Content/Controls/ControlRig_Arrow2_solid.ubulk" 908
"../../../Engine/Plugins/Animation/ControlRig/Content/Controls/ControlRig_Arrow2_solid.uasset" 909
"../../../Engine/Plugins/Animation/ControlRig/Content/Controls/ControlRig_Arrow2_solid.uexp" 910
"../../../Engine/Plugins/Animation/ControlRig/Content/Controls/ControlRig_Arrow2_3mm.ubulk" 911
"../../../Engine/Plugins/Animation/ControlRig/Content/Controls/ControlRig_Arrow2_3mm.uasset" 912
"../../../Engine/Plugins/Animation/ControlRig/Content/Controls/ControlRig_Arrow2_3mm.uexp" 913
"../../../Engine/Plugins/Animation/ControlRig/Content/Controls/ControlRig_Arrow2_1mm.ubulk" 914
"../../../Engine/Plugins/Animation/ControlRig/Content/Controls/ControlRig_Arrow2_1mm.uasset" 915
"../../../Engine/Plugins/Animation/ControlRig/Content/Controls/ControlRig_Arrow2_1mm.uexp" 916
"../../../Engine/Plugins/Animation/ControlRig/Content/Controls/ControlRigXRayMaterial.uasset" 917
"../../../Engine/Plugins/Animation/ControlRig/Content/Controls/ControlRigXRayMaterial.uexp" 918
"../../../Engine/Plugins/Animation/ControlRig/Content/Controls/ControlRigGizmoMaterial.uasset" 919
"../../../Engine/Plugins/Animation/ControlRig/Content/Controls/ControlRigGizmoMaterial.uexp" 920
"../../../Engine/Content/EngineMaterials/LTC/Sheen_LTC.uasset" 921
"../../../Engine/Content/EngineMaterials/LTC/Sheen_LTC.uexp" 922
"../../../Engine/Content/EngineMaterials/LTC/GGX_LTCMat.uasset" 923
"../../../Engine/Content/EngineMaterials/LTC/GGX_LTCMat.uexp" 924
"../../../Engine/Content/EngineMaterials/LTC/GGX_LTCAmp.uasset" 925
"../../../Engine/Content/EngineMaterials/LTC/GGX_LTCAmp.uexp" 926
"../../../Engine/Content/EngineMaterials/EnergyConservation/Sheen_Energy.uasset" 927
"../../../Engine/Content/EngineMaterials/EnergyConservation/Sheen_Energy.uexp" 928
"../../../Engine/Content/EngineMaterials/EnergyConservation/SheenLegacy_Energy.uasset" 929
"../../../Engine/Content/EngineMaterials/EnergyConservation/SheenLegacy_Energy.uexp" 930
"../../../Engine/Content/EngineMaterials/EnergyConservation/GGX_TransmissionEnergyArray.uasset" 931
"../../../Engine/Content/EngineMaterials/EnergyConservation/GGX_TransmissionEnergyArray.uexp" 932
"../../../Engine/Content/EngineMaterials/EnergyConservation/GGX_ReflectionEnergy.uasset" 933
"../../../Engine/Content/EngineMaterials/EnergyConservation/GGX_ReflectionEnergy.uexp" 934
"../../../Engine/Content/EngineMaterials/EnergyConservation/Diffuse_Energy.uasset" 935
"../../../Engine/Content/EngineMaterials/EnergyConservation/Diffuse_Energy.uexp" 936
"../../../Engine/Content/EditorResources/SequenceRecorder/RecordingIndicator.uasset" 937
"../../../Engine/Content/EditorResources/SequenceRecorder/RecordingIndicator.uexp" 938
"../../../Engine/Content/EditorResources/SequenceRecorder/Countdown.uasset" 939
"../../../Engine/Content/EditorResources/SequenceRecorder/Countdown.uexp" 940
"../../../Engine/Content/EditorMaterials/Camera/CineMat.uasset" 941
"../../../Engine/Content/EditorMaterials/Camera/CineMat.uexp" 942
"../../../Engine/Content/EditorMaterials/Camera/MI_CineMat_Rig.uasset" 943
"../../../Engine/Content/EditorMaterials/Camera/MI_CineMat_Rig.uexp" 944
"../../../Engine/Content/EditorMeshes/Camera/SM_RailRig_Track.ubulk" 945
"../../../Engine/Content/EditorMeshes/Camera/SM_RailRig_Track.uasset" 946
"../../../Engine/Content/EditorMeshes/Camera/SM_RailRig_Track.uexp" 947
"../../../Engine/Content/EditorMeshes/Camera/SM_RailRig_Mount.ubulk" 948
"../../../Engine/Content/EditorMeshes/Camera/SM_RailRig_Mount.uasset" 949
"../../../Engine/Content/EditorMeshes/Camera/SM_RailRig_Mount.uexp" 950
"../../../Engine/Content/EditorMeshes/Camera/SM_CraneRig_Mount.ubulk" 951
"../../../Engine/Content/EditorMeshes/Camera/SM_CraneRig_Mount.uasset" 952
"../../../Engine/Content/EditorMeshes/Camera/SM_CraneRig_Mount.uexp" 953
"../../../Engine/Content/EditorMeshes/Camera/SM_CraneRig_Body.ubulk" 954
"../../../Engine/Content/EditorMeshes/Camera/SM_CraneRig_Body.uasset" 955
"../../../Engine/Content/EditorMeshes/Camera/SM_CraneRig_Body.uexp" 956
"../../../Engine/Content/EditorMeshes/Camera/SM_CraneRig_Base.ubulk" 957
"../../../Engine/Content/EditorMeshes/Camera/SM_CraneRig_Base.uasset" 958
"../../../Engine/Content/EditorMeshes/Camera/SM_CraneRig_Base.uexp" 959
"../../../Engine/Content/EditorMeshes/Camera/SM_CraneRig_Arm.ubulk" 960
"../../../Engine/Content/EditorMeshes/Camera/SM_CraneRig_Arm.uasset" 961
"../../../Engine/Content/EditorMeshes/Camera/SM_CraneRig_Arm.uexp" 962
"../../../Engine/Content/EditorMaterials/ParticleSystems/PSysThumbnail_OOD.ubulk" 963
"../../../Engine/Content/EditorMaterials/ParticleSystems/PSysThumbnail_OOD.uasset" 964
"../../../Engine/Content/EditorMaterials/ParticleSystems/PSysThumbnail_OOD.uexp" 965
"../../../Engine/Content/EditorMaterials/ParticleSystems/PSysThumbnail_NoImage.ubulk" 966
"../../../Engine/Content/EditorMaterials/ParticleSystems/PSysThumbnail_NoImage.uasset" 967
"../../../Engine/Content/EditorMaterials/ParticleSystems/PSysThumbnail_NoImage.uexp" 968
"../../../Engine/Content/EditorMaterials/Dataflow/DataflowVertexMaterial.uasset" 969
"../../../Engine/Content/EditorMaterials/Dataflow/DataflowVertexMaterial.uexp" 970
"../../../Engine/Content/EditorMaterials/Dataflow/DataflowTwoSidedVertexMaterial.uasset" 971
"../../../Engine/Content/EditorMaterials/Dataflow/DataflowTwoSidedVertexMaterial.uexp" 972
"../../../Engine/Content/VREditor/TransformGizmo/Xray.uasset" 973
"../../../Engine/Content/VREditor/TransformGizmo/Xray.uexp" 974
"../../../Engine/Content/VREditor/TransformGizmo/Main.uasset" 975
"../../../Engine/Content/VREditor/TransformGizmo/Main.uexp" 976
"../../../Engine/Content/VREditor/TransformGizmo/SM_Sequencer_Node.ubulk" 977
"../../../Engine/Content/VREditor/TransformGizmo/SM_Sequencer_Node.uasset" 978
"../../../Engine/Content/VREditor/TransformGizmo/SM_Sequencer_Node.uexp" 979
"../../../Engine/Content/VREditor/TransformGizmo/TranslucentTransformGizmoMaterial.uasset" 980
"../../../Engine/Content/VREditor/TransformGizmo/TranslucentTransformGizmoMaterial.uexp" 981
"../../../Engine/Content/VREditor/LaserPointer/VR_LaserPower_01.ubulk" 982
"../../../Engine/Content/VREditor/LaserPointer/VR_LaserPower_01.uasset" 983
"../../../Engine/Content/VREditor/LaserPointer/VR_LaserPower_01.uexp" 984
"../../../Engine/Content/VREditor/TransformGizmo/TransformGizmoMaterial.uasset" 985
"../../../Engine/Content/VREditor/TransformGizmo/TransformGizmoMaterial.uexp" 986
"../../../Engine/Content/VREditor/TransformGizmo/BoundingBoxEdge.ubulk" 987
"../../../Engine/Content/VREditor/TransformGizmo/BoundingBoxEdge.uasset" 988
"../../../Engine/Content/VREditor/TransformGizmo/BoundingBoxEdge.uexp" 989
"../../../Engine/Content/VREditor/TransformGizmo/BoundingBoxCorner.ubulk" 990
"../../../Engine/Content/VREditor/TransformGizmo/BoundingBoxCorner.uasset" 991
"../../../Engine/Content/VREditor/TransformGizmo/BoundingBoxCorner.uexp" 992
"../../../Engine/Content/EngineSky/VolumetricClouds/VT_PerlinWorley_Balanced.uasset" 993
"../../../Engine/Content/EngineSky/VolumetricClouds/VT_PerlinWorley_Balanced.uexp" 994
"../../../Engine/Content/EngineSky/VolumetricClouds/T_Profile_08.ubulk" 995
"../../../Engine/Content/EngineSky/VolumetricClouds/T_Profile_08.uasset" 996
"../../../Engine/Content/EngineSky/VolumetricClouds/T_Profile_08.uexp" 997
"../../../Engine/Content/EngineSky/VolumetricClouds/T_CloudPattern.ubulk" 998
"../../../Engine/Content/EngineSky/VolumetricClouds/T_CloudPattern.uasset" 999
"../../../Engine/Content/EngineSky/VolumetricClouds/T_CloudPattern.uexp" 1000
"../../../Engine/Content/EngineSky/VolumetricClouds/T_CloudMask.ubulk" 1001
"../../../Engine/Content/EngineSky/VolumetricClouds/T_CloudMask.uasset" 1002
"../../../Engine/Content/EngineSky/VolumetricClouds/T_CloudMask.uexp" 1003
"../../../Engine/Content/Functions/Engine_MaterialFunctions02/Utility/BreakOutFloat4Components.uasset" 1004
"../../../Engine/Content/Functions/Engine_MaterialFunctions02/Utility/BreakOutFloat4Components.uexp" 1005
"../../../Engine/Content/Functions/Engine_MaterialFunctions02/Utility/MakeFloat4.uasset" 1006
"../../../Engine/Content/Functions/Engine_MaterialFunctions02/Utility/MakeFloat4.uexp" 1007
"../../../Engine/Content/EngineResources/DefaultVolumeTexture2D.uasset" 1008
"../../../Engine/Content/EngineResources/DefaultVolumeTexture2D.uexp" 1009
"../../../Engine/Content/EngineResources/DefaultVolumeTexture.uasset" 1010
"../../../Engine/Content/EngineResources/DefaultVolumeTexture.uexp" 1011
"../../../Engine/Content/EngineSky/VolumetricClouds/VT_Lightning.uasset" 1012
"../../../Engine/Content/EngineSky/VolumetricClouds/VT_Lightning.uexp" 1013
"../../../Engine/Content/Functions/Engine_MaterialFunctions01/Units/Km-to-Cm.uasset" 1014
"../../../Engine/Content/Functions/Engine_MaterialFunctions01/Units/Km-to-Cm.uexp" 1015
"../../../Engine/Content/EngineSky/VolumetricClouds/m_SimpleVolumetricCloud.uasset" 1016
"../../../Engine/Content/EngineSky/VolumetricClouds/m_SimpleVolumetricCloud.uexp" 1017
"../../../Engine/Content/EngineSky/VolumetricClouds/m_SimpleVolumetricCloud_Inst.uasset" 1018
"../../../Engine/Content/EngineSky/VolumetricClouds/m_SimpleVolumetricCloud_Inst.uexp" 1019
"../../../Engine/Content/EngineResources/FilmGrains/Marcie_Grain_v3_128_M2_000.uasset" 1020
"../../../Engine/Content/EngineResources/FilmGrains/Marcie_Grain_v3_128_M2_000.uexp" 1021
"../../../Engine/Content/EngineResources/Development/ZenLogo_64.uasset" 1022
"../../../Engine/Content/EngineResources/Development/ZenLogo_64.uexp" 1023
"C:/Users/Fleddie/Documents/Unreal Projects/Haunting-Sim-Collab/Haunting_Sim/Content/LevelPrototyping/Meshes/SM_QuarterCylinder.ubulk" 1024
"C:/Users/Fleddie/Documents/Unreal Projects/Haunting-Sim-Collab/Haunting_Sim/Content/LevelPrototyping/Meshes/SM_QuarterCylinder.uasset" 1025
"C:/Users/Fleddie/Documents/Unreal Projects/Haunting-Sim-Collab/Haunting_Sim/Content/LevelPrototyping/Meshes/SM_QuarterCylinder.uexp" 1026
"../../../Engine/Plugins/Interchange/Assets/Content/gltf/Textures/T_White_srgb.uasset" 1027
"../../../Engine/Plugins/Interchange/Assets/Content/gltf/Textures/T_White_srgb.uexp" 1028
"../../../Engine/Plugins/Interchange/Assets/Content/gltf/MaterialFunctions/MF_BaseColor.uasset" 1029
"../../../Engine/Plugins/Interchange/Assets/Content/gltf/MaterialFunctions/MF_BaseColor.uexp" 1030
"../../../Engine/Plugins/Interchange/Assets/Content/gltf/MaterialFunctions/MF_RotateV2.uasset" 1031
"../../../Engine/Plugins/Interchange/Assets/Content/gltf/MaterialFunctions/MF_RotateV2.uexp" 1032
"../../../Engine/Plugins/Interchange/Assets/Content/gltf/MaterialFunctions/MF_TransformUVs.uasset" 1033
"../../../Engine/Plugins/Interchange/Assets/Content/gltf/MaterialFunctions/MF_TransformUVs.uexp" 1034
"../../../Engine/Plugins/Interchange/Assets/Content/gltf/MaterialBodies/MF_Unlit_Body.uasset" 1035
"../../../Engine/Plugins/Interchange/Assets/Content/gltf/MaterialBodies/MF_Unlit_Body.uexp" 1036
"../../../Engine/Plugins/Interchange/Assets/Content/gltf/M_Unlit.uasset" 1037
"../../../Engine/Plugins/Interchange/Assets/Content/gltf/M_Unlit.uexp" 1038
"../../../Engine/Plugins/Interchange/Assets/Content/gltf/MaterialInstances/MI_Unlit_Opaque_DS.uasset" 1039
"../../../Engine/Plugins/Interchange/Assets/Content/gltf/MaterialInstances/MI_Unlit_Opaque_DS.uexp" 1040
"../../../Engine/Plugins/Interchange/Assets/Content/gltf/MaterialInstances/MI_Unlit_Opaque.uasset" 1041
"../../../Engine/Plugins/Interchange/Assets/Content/gltf/MaterialInstances/MI_Unlit_Opaque.uexp" 1042
"../../../Engine/Plugins/Interchange/Assets/Content/gltf/MaterialInstances/MI_Unlit_Mask_DS.uasset" 1043
"../../../Engine/Plugins/Interchange/Assets/Content/gltf/MaterialInstances/MI_Unlit_Mask_DS.uexp" 1044
"../../../Engine/Plugins/Interchange/Assets/Content/gltf/MaterialInstances/MI_Unlit_Mask.uasset" 1045
"../../../Engine/Plugins/Interchange/Assets/Content/gltf/MaterialInstances/MI_Unlit_Mask.uexp" 1046
"../../../Engine/Plugins/Interchange/Assets/Content/gltf/MaterialInstances/MI_Unlit_Blend_DS.uasset" 1047
"../../../Engine/Plugins/Interchange/Assets/Content/gltf/MaterialInstances/MI_Unlit_Blend_DS.uexp" 1048
"../../../Engine/Plugins/Interchange/Assets/Content/gltf/MaterialInstances/MI_Unlit_Blend.uasset" 1049
"../../../Engine/Plugins/Interchange/Assets/Content/gltf/MaterialInstances/MI_Unlit_Blend.uexp" 1050
"../../../Engine/Content/EngineMaterials/Good64x64TilingNoiseHighFreq.uasset" 1051
"../../../Engine/Content/EngineMaterials/Good64x64TilingNoiseHighFreq.uexp" 1052
"../../../Engine/Content/Functions/Engine_MaterialFunctions02/Texturing/ScreenAlignedPixelToPixelUVs.uasset" 1053
"../../../Engine/Content/Functions/Engine_MaterialFunctions02/Texturing/ScreenAlignedPixelToPixelUVs.uexp" 1054
"../../../Engine/Content/Functions/Engine_MaterialFunctions02/Math/Transform3x3Matrix.uasset" 1055
"../../../Engine/Content/Functions/Engine_MaterialFunctions02/Math/Transform3x3Matrix.uexp" 1056
"../../../Engine/Plugins/Interchange/Assets/Content/Utilities/New_LUT.uasset" 1057
"../../../Engine/Plugins/Interchange/Assets/Content/Utilities/New_LUT.uexp" 1058
"../../../Engine/Content/Functions/Engine_MaterialFunctions03/Math/RemapValueRange.uasset" 1059
"../../../Engine/Content/Functions/Engine_MaterialFunctions03/Math/RemapValueRange.uexp" 1060
"../../../Engine/Plugins/Interchange/Assets/Content/Functions/MF_Iridescence.uasset" 1061
"../../../Engine/Plugins/Interchange/Assets/Content/Functions/MF_Iridescence.uexp" 1062
"../../../Engine/Plugins/Interchange/Assets/Content/gltf/MaterialFunctions/MF_Fresnel_DS.uasset" 1063
"../../../Engine/Plugins/Interchange/Assets/Content/gltf/MaterialFunctions/MF_Fresnel_DS.uexp" 1064
"../../../Engine/Plugins/Interchange/Assets/Content/gltf/MaterialFunctions/MF_IOR.uasset" 1065
"../../../Engine/Plugins/Interchange/Assets/Content/gltf/MaterialFunctions/MF_IOR.uexp" 1066
"../../../Engine/Plugins/Interchange/Assets/Content/gltf/MaterialFunctions/MF_Iridescence.uasset" 1067
"../../../Engine/Plugins/Interchange/Assets/Content/gltf/MaterialFunctions/MF_Iridescence.uexp" 1068
"../../../Engine/Plugins/Interchange/Assets/Content/gltf/Textures/T_White_Linear.uasset" 1069
"../../../Engine/Plugins/Interchange/Assets/Content/gltf/Textures/T_White_Linear.uexp" 1070
"../../../Engine/Plugins/Interchange/Assets/Content/gltf/MaterialFunctions/MF_MetallicRoughness.uasset" 1071
"../../../Engine/Plugins/Interchange/Assets/Content/gltf/MaterialFunctions/MF_MetallicRoughness.uexp" 1072
"../../../Engine/Plugins/Interchange/Assets/Content/gltf/MaterialFunctions/MF_RotateNormals_TS.uasset" 1073
"../../../Engine/Plugins/Interchange/Assets/Content/gltf/MaterialFunctions/MF_RotateNormals_TS.uexp" 1074
"../../../Engine/Plugins/Interchange/Assets/Content/gltf/MaterialFunctions/MF_ScaleNormal.uasset" 1075
"../../../Engine/Plugins/Interchange/Assets/Content/gltf/MaterialFunctions/MF_ScaleNormal.uexp" 1076
"../../../Engine/Plugins/Interchange/Assets/Content/gltf/Textures/T_Generic_N.uasset" 1077
"../../../Engine/Plugins/Interchange/Assets/Content/gltf/Textures/T_Generic_N.uexp" 1078
"../../../Engine/Plugins/Interchange/Assets/Content/gltf/MaterialFunctions/MF_Normals.uasset" 1079
"../../../Engine/Plugins/Interchange/Assets/Content/gltf/MaterialFunctions/MF_Normals.uexp" 1080
"../../../Engine/Plugins/Interchange/Assets/Content/gltf/MaterialFunctions/MF_Occlusion.uasset" 1081
"../../../Engine/Plugins/Interchange/Assets/Content/gltf/MaterialFunctions/MF_Occlusion.uexp" 1082
"../../../Engine/Plugins/Interchange/Assets/Content/gltf/MaterialFunctions/MF_Specular.uasset" 1083
"../../../Engine/Plugins/Interchange/Assets/Content/gltf/MaterialFunctions/MF_Specular.uexp" 1084
"../../../Engine/Plugins/Interchange/Assets/Content/gltf/Textures/T_Anisotropy_Direction_Linear.uasset" 1085
"../../../Engine/Plugins/Interchange/Assets/Content/gltf/Textures/T_Anisotropy_Direction_Linear.uexp" 1086
"../../../Engine/Plugins/Interchange/Assets/Content/gltf/MaterialFunctions/MF_SpecularAnisotropy.uasset" 1087
"../../../Engine/Plugins/Interchange/Assets/Content/gltf/MaterialFunctions/MF_SpecularAnisotropy.uexp" 1088
"../../../Engine/Plugins/Interchange/Assets/Content/gltf/MaterialFunctions/MF_Temporal_Blur.uasset" 1089
"../../../Engine/Plugins/Interchange/Assets/Content/gltf/MaterialFunctions/MF_Temporal_Blur.uexp" 1090
"../../../Engine/Plugins/Interchange/Assets/Content/gltf/MaterialFunctions/MF_Transmission.uasset" 1091
"../../../Engine/Plugins/Interchange/Assets/Content/gltf/MaterialFunctions/MF_Transmission.uexp" 1092
"../../../Engine/Plugins/Interchange/Assets/Content/gltf/MaterialBodies/MF_Transmission_Body.uasset" 1093
"../../../Engine/Plugins/Interchange/Assets/Content/gltf/MaterialBodies/MF_Transmission_Body.uexp" 1094
"../../../Engine/Plugins/Interchange/Assets/Content/gltf/M_Transmission.uasset" 1095
"../../../Engine/Plugins/Interchange/Assets/Content/gltf/M_Transmission.uexp" 1096
"../../../Engine/Plugins/Interchange/Assets/Content/gltf/MaterialInstances/MI_Transmission_DS.uasset" 1097
"../../../Engine/Plugins/Interchange/Assets/Content/gltf/MaterialInstances/MI_Transmission_DS.uexp" 1098
"../../../Engine/Plugins/Interchange/Assets/Content/gltf/MaterialInstances/MI_Transmission.uasset" 1099
"../../../Engine/Plugins/Interchange/Assets/Content/gltf/MaterialInstances/MI_Transmission.uexp" 1100
"../../../Engine/Content/Functions/Engine_MaterialFunctions02/Math/AddComponents.uasset" 1101
"../../../Engine/Content/Functions/Engine_MaterialFunctions02/Math/AddComponents.uexp" 1102
"../../../Engine/Plugins/Interchange/Assets/Content/gltf/MaterialFunctions/MF_DiffuseSpecGloss.uasset" 1103
"../../../Engine/Plugins/Interchange/Assets/Content/gltf/MaterialFunctions/MF_DiffuseSpecGloss.uexp" 1104
"../../../Engine/Plugins/Interchange/Assets/Content/gltf/MaterialFunctions/MF_Emissive.uasset" 1105
"../../../Engine/Plugins/Interchange/Assets/Content/gltf/MaterialFunctions/MF_Emissive.uexp" 1106
"../../../Engine/Plugins/Interchange/Assets/Content/gltf/MaterialFunctions/MF_MaxComponentValue.uasset" 1107
"../../../Engine/Plugins/Interchange/Assets/Content/gltf/MaterialFunctions/MF_MaxComponentValue.uexp" 1108
"../../../Engine/Plugins/Interchange/Assets/Content/gltf/MaterialFunctions/MF_PerceivedBrightness.uasset" 1109
"../../../Engine/Plugins/Interchange/Assets/Content/gltf/MaterialFunctions/MF_PerceivedBrightness.uexp" 1110
"../../../Engine/Plugins/Interchange/Assets/Content/gltf/MaterialFunctions/MF_SpecGlossToMetalRoughness.uasset" 1111
"../../../Engine/Plugins/Interchange/Assets/Content/gltf/MaterialFunctions/MF_SpecGlossToMetalRoughness.uexp" 1112
"../../../Engine/Plugins/Interchange/Assets/Content/gltf/MaterialBodies/MF_SpecularGlossiness_Body.uasset" 1113
"../../../Engine/Plugins/Interchange/Assets/Content/gltf/MaterialBodies/MF_SpecularGlossiness_Body.uexp" 1114
"../../../Engine/Plugins/Interchange/Assets/Content/gltf/M_SpecularGlossiness.uasset" 1115
"../../../Engine/Plugins/Interchange/Assets/Content/gltf/M_SpecularGlossiness.uexp" 1116
"../../../Engine/Plugins/Interchange/Assets/Content/gltf/MaterialInstances/MI_SpecularGlossiness_Opaque_DS.uasset" 1117
"../../../Engine/Plugins/Interchange/Assets/Content/gltf/MaterialInstances/MI_SpecularGlossiness_Opaque_DS.uexp" 1118
"../../../Engine/Plugins/Interchange/Assets/Content/gltf/MaterialInstances/MI_SpecularGlossiness_Opaque.uasset" 1119
"../../../Engine/Plugins/Interchange/Assets/Content/gltf/MaterialInstances/MI_SpecularGlossiness_Opaque.uexp" 1120
"../../../Engine/Plugins/Interchange/Assets/Content/gltf/MaterialInstances/MI_SpecularGlossiness_Mask_DS.uasset" 1121
"../../../Engine/Plugins/Interchange/Assets/Content/gltf/MaterialInstances/MI_SpecularGlossiness_Mask_DS.uexp" 1122
"../../../Engine/Plugins/Interchange/Assets/Content/gltf/MaterialInstances/MI_SpecularGlossiness_Mask.uasset" 1123
"../../../Engine/Plugins/Interchange/Assets/Content/gltf/MaterialInstances/MI_SpecularGlossiness_Mask.uexp" 1124
"../../../Engine/Plugins/Interchange/Assets/Content/gltf/MaterialInstances/MI_SpecularGlossiness_Blend_DS.uasset" 1125
"../../../Engine/Plugins/Interchange/Assets/Content/gltf/MaterialInstances/MI_SpecularGlossiness_Blend_DS.uexp" 1126
"../../../Engine/Plugins/Interchange/Assets/Content/gltf/MaterialInstances/MI_SpecularGlossiness_Blend.uasset" 1127
"../../../Engine/Plugins/Interchange/Assets/Content/gltf/MaterialInstances/MI_SpecularGlossiness_Blend.uexp" 1128
"../../../Engine/Plugins/Interchange/Assets/Content/gltf/MaterialFunctions/MF_Sheen.uasset" 1129
"../../../Engine/Plugins/Interchange/Assets/Content/gltf/MaterialFunctions/MF_Sheen.uexp" 1130
"../../../Engine/Plugins/Interchange/Assets/Content/gltf/MaterialBodies/MF_Sheen_Body.uasset" 1131
"../../../Engine/Plugins/Interchange/Assets/Content/gltf/MaterialBodies/MF_Sheen_Body.uexp" 1132
"../../../Engine/Plugins/Interchange/Assets/Content/gltf/M_Sheen.uasset" 1133
"../../../Engine/Plugins/Interchange/Assets/Content/gltf/M_Sheen.uexp" 1134
"../../../Engine/Plugins/Interchange/Assets/Content/gltf/MaterialInstances/MI_Sheen_Opaque_DS.uasset" 1135
"../../../Engine/Plugins/Interchange/Assets/Content/gltf/MaterialInstances/MI_Sheen_Opaque_DS.uexp" 1136
"../../../Engine/Plugins/Interchange/Assets/Content/gltf/MaterialInstances/MI_Sheen_Opaque.uasset" 1137
"../../../Engine/Plugins/Interchange/Assets/Content/gltf/MaterialInstances/MI_Sheen_Opaque.uexp" 1138
"../../../Engine/Plugins/Interchange/Assets/Content/gltf/MaterialInstances/MI_Sheen_Mask_DS.uasset" 1139
"../../../Engine/Plugins/Interchange/Assets/Content/gltf/MaterialInstances/MI_Sheen_Mask_DS.uexp" 1140
"../../../Engine/Plugins/Interchange/Assets/Content/gltf/MaterialInstances/MI_Sheen_Mask.uasset" 1141
"../../../Engine/Plugins/Interchange/Assets/Content/gltf/MaterialInstances/MI_Sheen_Mask.uexp" 1142
"../../../Engine/Plugins/Interchange/Assets/Content/gltf/MaterialInstances/MI_Sheen_Blend_DS.uasset" 1143
"../../../Engine/Plugins/Interchange/Assets/Content/gltf/MaterialInstances/MI_Sheen_Blend_DS.uexp" 1144
"../../../Engine/Plugins/Interchange/Assets/Content/gltf/MaterialInstances/MI_Sheen_Blend.uasset" 1145
"../../../Engine/Plugins/Interchange/Assets/Content/gltf/MaterialInstances/MI_Sheen_Blend.uexp" 1146
"../../../Engine/Plugins/Interchange/Assets/Content/gltf/MaterialBodies/MF_Default_Body.uasset" 1147
"../../../Engine/Plugins/Interchange/Assets/Content/gltf/MaterialBodies/MF_Default_Body.uexp" 1148
"../../../Engine/Plugins/Interchange/Assets/Content/gltf/M_Default.uasset" 1149
"../../../Engine/Plugins/Interchange/Assets/Content/gltf/M_Default.uexp" 1150
"../../../Engine/Plugins/Interchange/Assets/Content/gltf/MaterialInstances/MI_Default_Opaque_DS.uasset" 1151
"../../../Engine/Plugins/Interchange/Assets/Content/gltf/MaterialInstances/MI_Default_Opaque_DS.uexp" 1152
"../../../Engine/Plugins/Interchange/Assets/Content/gltf/MaterialInstances/MI_Default_Opaque.uasset" 1153
"../../../Engine/Plugins/Interchange/Assets/Content/gltf/MaterialInstances/MI_Default_Opaque.uexp" 1154
"../../../Engine/Plugins/Interchange/Assets/Content/gltf/MaterialInstances/MI_Default_Mask_DS.uasset" 1155
"../../../Engine/Plugins/Interchange/Assets/Content/gltf/MaterialInstances/MI_Default_Mask_DS.uexp" 1156
"../../../Engine/Plugins/Interchange/Assets/Content/gltf/MaterialInstances/MI_Default_Mask.uasset" 1157
"../../../Engine/Plugins/Interchange/Assets/Content/gltf/MaterialInstances/MI_Default_Mask.uexp" 1158
"../../../Engine/Plugins/Interchange/Assets/Content/gltf/MaterialInstances/MI_Default_Blend_DS.uasset" 1159
"../../../Engine/Plugins/Interchange/Assets/Content/gltf/MaterialInstances/MI_Default_Blend_DS.uexp" 1160
"../../../Engine/Plugins/Interchange/Assets/Content/gltf/MaterialInstances/MI_Default_Blend.uasset" 1161
"../../../Engine/Plugins/Interchange/Assets/Content/gltf/MaterialInstances/MI_Default_Blend.uexp" 1162
"../../../Engine/Content/Functions/Engine_MaterialFunctions01/Texturing/FlattenNormal.uasset" 1163
"../../../Engine/Content/Functions/Engine_MaterialFunctions01/Texturing/FlattenNormal.uexp" 1164
"../../../Engine/Plugins/Interchange/Assets/Content/gltf/MaterialFunctions/MF_Clearcoat.uasset" 1165
"../../../Engine/Plugins/Interchange/Assets/Content/gltf/MaterialFunctions/MF_Clearcoat.uexp" 1166
"../../../Engine/Plugins/Interchange/Assets/Content/gltf/MaterialBodies/MF_ClearCoat_Body.uasset" 1167
"../../../Engine/Plugins/Interchange/Assets/Content/gltf/MaterialBodies/MF_ClearCoat_Body.uexp" 1168
"../../../Engine/Plugins/Interchange/Assets/Content/gltf/M_ClearCoat.uasset" 1169
"../../../Engine/Plugins/Interchange/Assets/Content/gltf/M_ClearCoat.uexp" 1170
"../../../Engine/Plugins/Interchange/Assets/Content/gltf/MaterialInstances/MI_ClearCoat_Opaque_DS.uasset" 1171
"../../../Engine/Plugins/Interchange/Assets/Content/gltf/MaterialInstances/MI_ClearCoat_Opaque_DS.uexp" 1172
"../../../Engine/Plugins/Interchange/Assets/Content/gltf/MaterialInstances/MI_ClearCoat_Opaque.uasset" 1173
"../../../Engine/Plugins/Interchange/Assets/Content/gltf/MaterialInstances/MI_ClearCoat_Opaque.uexp" 1174
"../../../Engine/Plugins/Interchange/Assets/Content/gltf/MaterialInstances/MI_ClearCoat_Mask_DS.uasset" 1175
"../../../Engine/Plugins/Interchange/Assets/Content/gltf/MaterialInstances/MI_ClearCoat_Mask_DS.uexp" 1176
"../../../Engine/Plugins/Interchange/Assets/Content/gltf/MaterialInstances/MI_ClearCoat_Mask.uasset" 1177
"../../../Engine/Plugins/Interchange/Assets/Content/gltf/MaterialInstances/MI_ClearCoat_Mask.uexp" 1178
"../../../Engine/Plugins/Interchange/Assets/Content/gltf/MaterialInstances/MI_ClearCoat_Blend_DS.uasset" 1179
"../../../Engine/Plugins/Interchange/Assets/Content/gltf/MaterialInstances/MI_ClearCoat_Blend_DS.uexp" 1180
"../../../Engine/Plugins/Interchange/Assets/Content/gltf/MaterialInstances/MI_ClearCoat_Blend.uasset" 1181
"../../../Engine/Plugins/Interchange/Assets/Content/gltf/MaterialInstances/MI_ClearCoat_Blend.uexp" 1182
"../../../Engine/Content/ArtTools/RenderToTexture/Meshes/S_1_Unit_Plane.ubulk" 1183
"../../../Engine/Content/ArtTools/RenderToTexture/Meshes/S_1_Unit_Plane.uasset" 1184
"../../../Engine/Content/ArtTools/RenderToTexture/Meshes/S_1_Unit_Plane.uexp" 1185
"../../../Engine/Content/Functions/Engine_MaterialFunctions01/Shading/PowerToRoughness.uasset" 1186
"../../../Engine/Content/Functions/Engine_MaterialFunctions01/Shading/PowerToRoughness.uexp" 1187
"../../../Engine/Content/Functions/Engine_MaterialFunctions01/Shading/ConvertFromDiffSpec.uasset" 1188
"../../../Engine/Content/Functions/Engine_MaterialFunctions01/Shading/ConvertFromDiffSpec.uexp" 1189
"../../../Engine/Content/EngineMaterials/Substrate/Volume/SubstrateSimpleVolumeLUT3D.uasset" 1190
"../../../Engine/Content/EngineMaterials/Substrate/Volume/SubstrateSimpleVolumeLUT3D.uexp" 1191
"../../../Engine/Content/EngineMaterials/Substrate/Volume/SubstrateSimpleVolumeEnvLUT3D.uasset" 1192
"../../../Engine/Content/EngineMaterials/Substrate/Volume/SubstrateSimpleVolumeEnvLUT3D.uexp" 1193
"../../../Engine/Content/EngineMaterials/Substrate/Glints2/AGlintTex2dArray2.uasset" 1194
"../../../Engine/Content/EngineMaterials/Substrate/Glints2/AGlintTex2dArray2.uexp" 1195
"../../../Engine/Content/EngineMaterials/Substrate/GLints/AGlintTex2dArray.uasset" 1196
"../../../Engine/Content/EngineMaterials/Substrate/GLints/AGlintTex2dArray.uexp" 1197
"../../../Engine/Content/EngineResources/LandscapeVisibilityLayerInfo.uasset" 1198
"../../../Engine/Content/EngineResources/LandscapeVisibilityLayerInfo.uexp" 1199
"../../../Engine/Plugins/NNE/NNEDenoiser/Content/NNE_oidn2-3-0_rt_hdr_alb_nrm_small__dyn__fp16_opset11_DenoiseAlpha.uasset" 1200
"../../../Engine/Plugins/NNE/NNEDenoiser/Content/NNE_oidn2-3-0_rt_hdr_alb_nrm_small__dyn__fp16_opset11_DenoiseAlpha.uexp" 1201
"../../../Engine/Plugins/NNE/NNEDenoiser/Content/NNE_oidn2-3-0_rt_hdr_alb_nrm_small__dyn__fp16_opset11_ForwardAlpha.uasset" 1202
"../../../Engine/Plugins/NNE/NNEDenoiser/Content/NNE_oidn2-3-0_rt_hdr_alb_nrm_small__dyn__fp16_opset11_ForwardAlpha.uexp" 1203
"../../../Engine/Plugins/NNE/NNEDenoiser/Content/NNE_oidn2-3-0_rt_hdr_alb_nrm__dyn__fp16_opset11_DenoiseAlpha.uasset" 1204
"../../../Engine/Plugins/NNE/NNEDenoiser/Content/NNE_oidn2-3-0_rt_hdr_alb_nrm__dyn__fp16_opset11_DenoiseAlpha.uexp" 1205
"../../../Engine/Plugins/NNE/NNEDenoiser/Content/NNE_oidn2-3-0_rt_hdr_alb_nrm__dyn__fp16_opset11_ForwardAlpha.uasset" 1206
"../../../Engine/Plugins/NNE/NNEDenoiser/Content/NNE_oidn2-3-0_rt_hdr_alb_nrm__dyn__fp16_opset11_ForwardAlpha.uexp" 1207
"../../../Engine/Plugins/NNE/NNEDenoiser/Content/NNE_oidn2-3-0_rt_hdr_calb_cnrm_large__dyn__fp16_opset11_DenoiseAlpha.uasset" 1208
"../../../Engine/Plugins/NNE/NNEDenoiser/Content/NNE_oidn2-3-0_rt_hdr_calb_cnrm_large__dyn__fp16_opset11_DenoiseAlpha.uexp" 1209
"../../../Engine/Plugins/NNE/NNEDenoiser/Content/NNE_oidn2-3-0_rt_hdr_calb_cnrm_large__dyn__fp16_opset11_ForwardAlpha.uasset" 1210
"../../../Engine/Plugins/NNE/NNEDenoiser/Content/NNE_oidn2-3-0_rt_hdr_calb_cnrm_large__dyn__fp16_opset11_ForwardAlpha.uexp" 1211
"../../../Engine/Plugins/Animation/DeformerGraph/Content/DeformerFunctions/DG_Function_LinearBlendSkin_Morph_Cloth.uasset" 1212
"../../../Engine/Plugins/Animation/DeformerGraph/Content/DeformerFunctions/DG_Function_LinearBlendSkin_Morph_Cloth.uexp" 1213
"../../../Engine/Plugins/Animation/DeformerGraph/Content/Deformers/DG_LinearBlendSkin_Morph_Cloth.uasset" 1214
"../../../Engine/Plugins/Animation/DeformerGraph/Content/Deformers/DG_LinearBlendSkin_Morph_Cloth.uexp" 1215
"../../../Engine/Plugins/Animation/DeformerGraph/Content/DeformerFunctions/DG_Function_LinearBlendSkin_Morph_Cloth_PositionOnly.uasset" 1216
"../../../Engine/Plugins/Animation/DeformerGraph/Content/DeformerFunctions/DG_Function_LinearBlendSkin_Morph_Cloth_PositionOnly.uexp" 1217
"../../../Engine/Plugins/Animation/DeformerGraph/Content/DeformerFunctions/DG_Function_ComputeNormalsTangents.uasset" 1218
"../../../Engine/Plugins/Animation/DeformerGraph/Content/DeformerFunctions/DG_Function_ComputeNormalsTangents.uexp" 1219
"../../../Engine/Plugins/Animation/DeformerGraph/Content/Deformers/DG_LinearBlendSkin_Morph_Cloth_RecomputeNormals.uasset" 1220
"../../../Engine/Plugins/Animation/DeformerGraph/Content/Deformers/DG_LinearBlendSkin_Morph_Cloth_RecomputeNormals.uexp" 1221
"../../../Engine/Content/VREditor/Sounds/UI/Drop_Item_From_ContentBrowser.ubulk" 1222
"../../../Engine/Content/VREditor/Sounds/UI/Drop_Item_From_ContentBrowser.uasset" 1223
"../../../Engine/Content/VREditor/Sounds/UI/Drop_Item_From_ContentBrowser.uexp" 1224
"../../../Engine/Content/VREditor/TransformGizmo/TransformGizmoMaterial_Inst.uasset" 1225
"../../../Engine/Content/VREditor/TransformGizmo/TransformGizmoMaterial_Inst.uexp" 1226
"../../../Engine/Content/VREditor/TransformGizmo/TranslucentTransformGizmoMaterial_Inst.uasset" 1227
"../../../Engine/Content/VREditor/TransformGizmo/TranslucentTransformGizmoMaterial_Inst.uexp" 1228
"../../../Engine/Content/Functions/Engine_MaterialFunctions02/SplitComponents.uasset" 1229
"../../../Engine/Content/Functions/Engine_MaterialFunctions02/SplitComponents.uexp" 1230
"../../../Engine/Content/VREditor/SnapGrid/SnapGridMaterial.uasset" 1231
"../../../Engine/Content/VREditor/SnapGrid/SnapGridMaterial.uexp" 1232
"../../../Engine/Content/VREditor/SnapGrid/SnapGridPlaneMesh.ubulk" 1233
"../../../Engine/Content/VREditor/SnapGrid/SnapGridPlaneMesh.uasset" 1234
"../../../Engine/Content/VREditor/SnapGrid/SnapGridPlaneMesh.uexp" 1235
"../../../Engine/Content/VREditor/Sounds/UI/Gizmo_Handle_Clicked.ubulk" 1236
"../../../Engine/Content/VREditor/Sounds/UI/Gizmo_Handle_Clicked.uasset" 1237
"../../../Engine/Content/VREditor/Sounds/UI/Gizmo_Handle_Clicked.uexp" 1238
"../../../Engine/Content/VREditor/Sounds/UI/Object_PickUp.ubulk" 1239
"../../../Engine/Content/VREditor/Sounds/UI/Object_PickUp.uasset" 1240
"../../../Engine/Content/VREditor/Sounds/UI/Object_PickUp.uexp" 1241
"../../../Engine/Content/VREditor/Sounds/UI/Object_Snaps_To_Another_Actor.ubulk" 1242
"../../../Engine/Content/VREditor/Sounds/UI/Object_Snaps_To_Another_Actor.uasset" 1243
"../../../Engine/Content/VREditor/Sounds/UI/Object_Snaps_To_Another_Actor.uexp" 1244
"../../../Engine/Content/VREditor/Sounds/UI/Object_Snaps_To_Grid.ubulk" 1245
"../../../Engine/Content/VREditor/Sounds/UI/Object_Snaps_To_Grid.uasset" 1246
"../../../Engine/Content/VREditor/Sounds/UI/Object_Snaps_To_Grid.uexp" 1247
"../../../Engine/Content/VREditor/Sounds/UI/Scaling_Down.ubulk" 1248
"../../../Engine/Content/VREditor/Sounds/UI/Scaling_Down.uasset" 1249
"../../../Engine/Content/VREditor/Sounds/UI/Scaling_Down.uexp" 1250
"../../../Engine/Content/VREditor/Sounds/UI/Scaling_Up.ubulk" 1251
"../../../Engine/Content/VREditor/Sounds/UI/Scaling_Up.uasset" 1252
"../../../Engine/Content/VREditor/Sounds/UI/Scaling_Up.uexp" 1253
"../../../Engine/Content/VREditor/Sounds/UI/Selection_Changes.ubulk" 1254
"../../../Engine/Content/VREditor/Sounds/UI/Selection_Changes.uasset" 1255
"../../../Engine/Content/VREditor/Sounds/UI/Selection_Changes.uexp" 1256
"../../../Engine/Content/VREditor/TransformGizmo/PlaneTranslationHandle.ubulk" 1257
"../../../Engine/Content/VREditor/TransformGizmo/PlaneTranslationHandle.uasset" 1258
"../../../Engine/Content/VREditor/TransformGizmo/PlaneTranslationHandle.uexp" 1259
"../../../Engine/Content/VREditor/TransformGizmo/RotationHandleFull.ubulk" 1260
"../../../Engine/Content/VREditor/TransformGizmo/RotationHandleFull.uasset" 1261
"../../../Engine/Content/VREditor/TransformGizmo/RotationHandleFull.uexp" 1262
"../../../Engine/Content/VREditor/TransformGizmo/RotationHandleIndicator.ubulk" 1263
"../../../Engine/Content/VREditor/TransformGizmo/RotationHandleIndicator.uasset" 1264
"../../../Engine/Content/VREditor/TransformGizmo/RotationHandleIndicator.uexp" 1265
"../../../Engine/Content/VREditor/TransformGizmo/RotationHandleQuarter.ubulk" 1266
"../../../Engine/Content/VREditor/TransformGizmo/RotationHandleQuarter.uasset" 1267
"../../../Engine/Content/VREditor/TransformGizmo/RotationHandleQuarter.uexp" 1268
"../../../Engine/Content/VREditor/TransformGizmo/StartRotationHandleIndicator.ubulk" 1269
"../../../Engine/Content/VREditor/TransformGizmo/StartRotationHandleIndicator.uasset" 1270
"../../../Engine/Content/VREditor/TransformGizmo/StartRotationHandleIndicator.uexp" 1271
"../../../Engine/Content/VREditor/TransformGizmo/TransformGizmoFreeRotation.ubulk" 1272
"../../../Engine/Content/VREditor/TransformGizmo/TransformGizmoFreeRotation.uasset" 1273
"../../../Engine/Content/VREditor/TransformGizmo/TransformGizmoFreeRotation.uexp" 1274
"../../../Engine/Content/VREditor/TransformGizmo/TranslateArrowHandle.ubulk" 1275
"../../../Engine/Content/VREditor/TransformGizmo/TranslateArrowHandle.uasset" 1276
"../../../Engine/Content/VREditor/TransformGizmo/TranslateArrowHandle.uexp" 1277
"../../../Engine/Content/VREditor/TransformGizmo/UniformScaleHandle.ubulk" 1278
"../../../Engine/Content/VREditor/TransformGizmo/UniformScaleHandle.uasset" 1279
"../../../Engine/Content/VREditor/TransformGizmo/UniformScaleHandle.uexp" 1280
"../../../Engine/Plugins/NNE/NNEDenoiser/Content/NNEDT_Oidn2-3_Balanced.uasset" 1281
"../../../Engine/Plugins/NNE/NNEDenoiser/Content/NNEDT_Oidn2-3_Balanced.uexp" 1282
"../../../Engine/Plugins/NNE/NNEDenoiser/Content/NNEDT_Oidn2-3_Balanced_Alpha.uasset" 1283
"../../../Engine/Plugins/NNE/NNEDenoiser/Content/NNEDT_Oidn2-3_Balanced_Alpha.uexp" 1284
"../../../Engine/Plugins/NNE/NNEDenoiser/Content/NNED_Oidn2-3_Balanced.uasset" 1285
"../../../Engine/Plugins/NNE/NNEDenoiser/Content/NNED_Oidn2-3_Balanced.uexp" 1286
"../../../Engine/Plugins/NNE/NNEDenoiser/Content/NNED_Oidn2-3_Balanced_Alpha.uasset" 1287
"../../../Engine/Plugins/NNE/NNEDenoiser/Content/NNED_Oidn2-3_Balanced_Alpha.uexp" 1288
"../../../Engine/Plugins/NNE/NNEDenoiser/Content/NNED_Oidn2-3_Fast.uasset" 1289
"../../../Engine/Plugins/NNE/NNEDenoiser/Content/NNED_Oidn2-3_Fast.uexp" 1290
"../../../Engine/Plugins/NNE/NNEDenoiser/Content/NNED_Oidn2-3_Fast_Alpha.uasset" 1291
"../../../Engine/Plugins/NNE/NNEDenoiser/Content/NNED_Oidn2-3_Fast_Alpha.uexp" 1292
"../../../Engine/Plugins/NNE/NNEDenoiser/Content/NNED_Oidn2-3_HighQuality.uasset" 1293
"../../../Engine/Plugins/NNE/NNEDenoiser/Content/NNED_Oidn2-3_HighQuality.uexp" 1294
"../../../Engine/Plugins/NNE/NNEDenoiser/Content/NNED_Oidn2-3_HighQuality_Alpha.uasset" 1295
"../../../Engine/Plugins/NNE/NNEDenoiser/Content/NNED_Oidn2-3_HighQuality_Alpha.uexp" 1296
"../../../Engine/Content/Maps/Entry_BuiltData.uasset" 1297
"../../../Engine/Content/Maps/Entry_BuiltData.uexp" 1298
"../../../Engine/Content/Maps/Entry.uexp" 1299
"../../../Engine/Content/Maps/Entry.umap" 1300
"C:/Users/Fleddie/Documents/Unreal Projects/Haunting-Sim-Collab/Haunting_Sim/Content/FirstPerson/Blueprints/BP_FirstPersonGameMode.uasset" 1301
"C:/Users/Fleddie/Documents/Unreal Projects/Haunting-Sim-Collab/Haunting_Sim/Content/FirstPerson/Blueprints/BP_FirstPersonGameMode.uexp" 1302
"C:/Users/Fleddie/Documents/Unreal Projects/Haunting-Sim-Collab/Haunting_Sim/Content/FirstPerson/Lvl_FirstPerson.uexp" 1303
"C:/Users/Fleddie/Documents/Unreal Projects/Haunting-Sim-Collab/Haunting_Sim/Content/FirstPerson/Lvl_FirstPerson.umap" 1304
